statement,label,city,country,correct_country,question
The city of Krasnodar is in Russia.,1,Krasnodar,Russia,Russia,Where is the city of Krasnodar?
The city of Krasnodar is in South Africa.,0,Krasnodar,South Africa,Russia,Where is the city of Krasnodar?
The city of Lodz is in Poland.,1,Lodz,Poland,Poland,Where is the city of Lodz?
The city of Lodz is in the Dominican Republic.,0,Lodz,the Dominican Republic,Poland,Where is the city of Lodz?
The city of Maracay is in Venezuela.,1,Maracay,Venezuela,Venezuela,Where is the city of Maracay?
The city of Maracay is in China.,0,Maracay,China,Venezuela,Where is the city of Maracay?
The city of Baku is in Azerbaijan.,1,Baku,Azerbaijan,Azerbaijan,Where is the city of Baku?
The city of Baku is in Ukraine.,0,Baku,Ukraine,Azerbaijan,Where is the city of Baku?
The city of Baoji is in China.,1,Baoji,China,China,Where is the city of Baoji?
The city of Baoji is in Guatemala.,0,Baoji,Guatemala,China,Where is the city of Baoji?
The city of Addis Ababa is in Ethiopia.,1,Addis Ababa,Ethiopia,Ethiopia,Where is the city of Addis Ababa?
The city of Addis Ababa is in Indonesia.,0,Addis Ababa,Indonesia,Ethiopia,Where is the city of Addis Ababa?
The city of Abidjan is in Côte d'Ivoire.,1,Abidjan,Côte d'Ivoire,Côte d'Ivoire,Where is the city of Abidjan?
The city of Abidjan is in China.,0,Abidjan,China,Côte d'Ivoire,Where is the city of Abidjan?
The city of Yongzhou is in China.,1,Yongzhou,China,China,Where is the city of Yongzhou?
The city of Yongzhou is in Ukraine.,0,Yongzhou,Ukraine,China,Where is the city of Yongzhou?
The city of Nanchong is in China.,1,Nanchong,China,China,Where is the city of Nanchong?
The city of Nanchong is in Nigeria.,0,Nanchong,Nigeria,China,Where is the city of Nanchong?
The city of Lu'an is in China.,1,Lu'an,China,China,Where is the city of Lu'an?
The city of Lu'an is in Turkey.,0,Lu'an,Turkey,China,Where is the city of Lu'an?
The city of Jiaxing is in China.,1,Jiaxing,China,China,Where is the city of Jiaxing?
The city of Jiaxing is in Ukraine.,0,Jiaxing,Ukraine,China,Where is the city of Jiaxing?
The city of Huaihua is in China.,1,Huaihua,China,China,Where is the city of Huaihua?
The city of Huaihua is in South Africa.,0,Huaihua,South Africa,China,Where is the city of Huaihua?
The city of Anqing is in China.,1,Anqing,China,China,Where is the city of Anqing?
The city of Anqing is in Brazil.,0,Anqing,Brazil,China,Where is the city of Anqing?
The city of Yingkou is in China.,1,Yingkou,China,China,Where is the city of Yingkou?
The city of Yingkou is in the Philippines.,0,Yingkou,the Philippines,China,Where is the city of Yingkou?
The city of Panshan is in China.,1,Panshan,China,China,Where is the city of Panshan?
The city of Panshan is in Japan.,0,Panshan,Japan,China,Where is the city of Panshan?
The city of Guatemala City is in Guatemala.,1,Guatemala City,Guatemala,Guatemala,Where is the city of Guatemala City?
The city of Guatemala City is in Croatia.,0,Guatemala City,Croatia,Guatemala,Where is the city of Guatemala City?
The city of Bauchi is in Nigeria.,1,Bauchi,Nigeria,Nigeria,Where is the city of Bauchi?
The city of Bauchi is in Iran.,0,Bauchi,Iran,Nigeria,Where is the city of Bauchi?
The city of Tokyo is in Japan.,1,Tokyo,Japan,Japan,Where is the city of Tokyo?
The city of Tokyo is in Pakistan.,0,Tokyo,Pakistan,Japan,Where is the city of Tokyo?
The city of Mombasa is in Kenya.,1,Mombasa,Kenya,Kenya,Where is the city of Mombasa?
The city of Mombasa is in India.,0,Mombasa,India,Kenya,Where is the city of Mombasa?
The city of Ulsan is in South Korea.,1,Ulsan,South Korea,South Korea,Where is the city of Ulsan?
The city of Ulsan is in South Africa.,0,Ulsan,South Africa,South Korea,Where is the city of Ulsan?
The city of Warangal is in India.,1,Warangal,India,India,Where is the city of Warangal?
The city of Warangal is in Yemen.,0,Warangal,Yemen,India,Where is the city of Warangal?
The city of Tiruchirappalli is in India.,1,Tiruchirappalli,India,India,Where is the city of Tiruchirappalli?
The city of Tiruchirappalli is in Iraq.,0,Tiruchirappalli,Iraq,India,Where is the city of Tiruchirappalli?
The city of Nowrangapur is in India.,1,Nowrangapur,India,India,Where is the city of Nowrangapur?
The city of Nowrangapur is in Vietnam.,0,Nowrangapur,Vietnam,India,Where is the city of Nowrangapur?
The city of Sambhaji Nagar is in India.,1,Sambhaji Nagar,India,India,Where is the city of Sambhaji Nagar?
The city of Sambhaji Nagar is in China.,0,Sambhaji Nagar,China,India,Where is the city of Sambhaji Nagar?
The city of Ajmer is in India.,1,Ajmer,India,India,Where is the city of Ajmer?
The city of Ajmer is in Russia.,0,Ajmer,Russia,India,Where is the city of Ajmer?
The city of Rohini is in India.,1,Rohini,India,India,Where is the city of Rohini?
The city of Rohini is in Russia.,0,Rohini,Russia,India,Where is the city of Rohini?
The city of Serang is in Indonesia.,1,Serang,Indonesia,Indonesia,Where is the city of Serang?
The city of Serang is in Poland.,0,Serang,Poland,Indonesia,Where is the city of Serang?
The city of Niigata is in Japan.,1,Niigata,Japan,Japan,Where is the city of Niigata?
The city of Niigata is in Yemen.,0,Niigata,Yemen,Japan,Where is the city of Niigata?
The city of Marrakesh is in Morocco.,1,Marrakesh,Morocco,Morocco,Where is the city of Marrakesh?
The city of Marrakesh is in Malaysia.,0,Marrakesh,Malaysia,Morocco,Where is the city of Marrakesh?
The city of Makati City is in the Philippines.,1,Makati City,the Philippines,the Philippines,Where is the city of Makati City?
The city of Makati City is in India.,0,Makati City,India,the Philippines,Where is the city of Makati City?
The city of Tirunelveli is in India.,1,Tirunelveli,India,India,Where is the city of Tirunelveli?
The city of Tirunelveli is in China.,0,Tirunelveli,China,India,Where is the city of Tirunelveli?
The city of Thane is in India.,1,Thane,India,India,Where is the city of Thane?
The city of Thane is in China.,0,Thane,China,India,Where is the city of Thane?
The city of Solapur is in India.,1,Solapur,India,India,Where is the city of Solapur?
The city of Solapur is in the United States.,0,Solapur,the United States,India,Where is the city of Solapur?
The city of Najafgarh is in India.,1,Najafgarh,India,India,Where is the city of Najafgarh?
The city of Najafgarh is in Brazil.,0,Najafgarh,Brazil,India,Where is the city of Najafgarh?
The city of Borivli is in India.,1,Borivli,India,India,Where is the city of Borivli?
The city of Borivli is in Ukraine.,0,Borivli,Ukraine,India,Where is the city of Borivli?
The city of Zhabei is in China.,1,Zhabei,China,China,Where is the city of Zhabei?
The city of Zhabei is in Afghanistan.,0,Zhabei,Afghanistan,China,Where is the city of Zhabei?
The city of Liaocheng is in China.,1,Liaocheng,China,China,Where is the city of Liaocheng?
The city of Liaocheng is in South Korea.,0,Liaocheng,South Korea,China,Where is the city of Liaocheng?
The city of Jiaozhou is in China.,1,Jiaozhou,China,China,Where is the city of Jiaozhou?
The city of Jiaozhou is in Latvia.,0,Jiaozhou,Latvia,China,Where is the city of Jiaozhou?
The city of Guilin is in China.,1,Guilin,China,China,Where is the city of Guilin?
The city of Guilin is in the Dominican Republic.,0,Guilin,the Dominican Republic,China,Where is the city of Guilin?
The city of Chaozhou is in China.,1,Chaozhou,China,China,Where is the city of Chaozhou?
The city of Chaozhou is in South Korea.,0,Chaozhou,South Korea,China,Where is the city of Chaozhou?
The city of Panzhihua is in China.,1,Panzhihua,China,China,Where is the city of Panzhihua?
The city of Panzhihua is in Iran.,0,Panzhihua,Iran,China,Where is the city of Panzhihua?
The city of Bucaramanga is in Colombia.,1,Bucaramanga,Colombia,Colombia,Where is the city of Bucaramanga?
The city of Bucaramanga is in Brazil.,0,Bucaramanga,Brazil,Colombia,Where is the city of Bucaramanga?
The city of Niamey is in Niger.,1,Niamey,Niger,Niger,Where is the city of Niamey?
The city of Niamey is in China.,0,Niamey,China,Niger,Where is the city of Niamey?
The city of Sokoto is in Nigeria.,1,Sokoto,Nigeria,Nigeria,Where is the city of Sokoto?
The city of Sokoto is in South Korea.,0,Sokoto,South Korea,Nigeria,Where is the city of Sokoto?
The city of Abuja is in Nigeria.,1,Abuja,Nigeria,Nigeria,Where is the city of Abuja?
The city of Abuja is in China.,0,Abuja,China,Nigeria,Where is the city of Abuja?
The city of South Tangerang is in Indonesia.,1,South Tangerang,Indonesia,Indonesia,Where is the city of South Tangerang?
The city of South Tangerang is in India.,0,South Tangerang,India,Indonesia,Where is the city of South Tangerang?
The city of Odesa is in Ukraine.,1,Odesa,Ukraine,Ukraine,Where is the city of Odesa?
The city of Odesa is in China.,0,Odesa,China,Ukraine,Where is the city of Odesa?
The city of Fort Worth is in the United States.,1,Fort Worth,the United States,the United States,Where is the city of Fort Worth?
The city of Fort Worth is in Russia.,0,Fort Worth,Russia,the United States,Where is the city of Fort Worth?
The city of Boumerdes is in Algeria.,1,Boumerdes,Algeria,Algeria,Where is the city of Boumerdes?
The city of Boumerdes is in Iran.,0,Boumerdes,Iran,Algeria,Where is the city of Boumerdes?
The city of Asmara is in Eritrea.,1,Asmara,Eritrea,Eritrea,Where is the city of Asmara?
The city of Asmara is in Indonesia.,0,Asmara,Indonesia,Eritrea,Where is the city of Asmara?
The city of Santiago de Queretaro is in Mexico.,1,Santiago de Queretaro,Mexico,Mexico,Where is the city of Santiago de Queretaro?
The city of Santiago de Queretaro is in Ecuador.,0,Santiago de Queretaro,Ecuador,Mexico,Where is the city of Santiago de Queretaro?
The city of Perm is in Russia.,1,Perm,Russia,Russia,Where is the city of Perm?
The city of Perm is in China.,0,Perm,China,Russia,Where is the city of Perm?
The city of Jeddah is in Saudi Arabia.,1,Jeddah,Saudi Arabia,Saudi Arabia,Where is the city of Jeddah?
The city of Jeddah is in Myanmar.,0,Jeddah,Myanmar,Saudi Arabia,Where is the city of Jeddah?
The city of Konya is in Turkey.,1,Konya,Turkey,Turkey,Where is the city of Konya?
The city of Konya is in Russia.,0,Konya,Russia,Turkey,Where is the city of Konya?
The city of Macapa is in Brazil.,1,Macapa,Brazil,Brazil,Where is the city of Macapa?
The city of Macapa is in China.,0,Macapa,China,Brazil,Where is the city of Macapa?
The city of Belo Horizonte is in Brazil.,1,Belo Horizonte,Brazil,Brazil,Where is the city of Belo Horizonte?
The city of Belo Horizonte is in North Korea.,0,Belo Horizonte,North Korea,Brazil,Where is the city of Belo Horizonte?
The city of Poznan is in Poland.,1,Poznan,Poland,Poland,Where is the city of Poznan?
The city of Poznan is in Mexico.,0,Poznan,Mexico,Poland,Where is the city of Poznan?
The city of Linyi is in China.,1,Linyi,China,China,Where is the city of Linyi?
The city of Linyi is in Iraq.,0,Linyi,Iraq,China,Where is the city of Linyi?
The city of Hohhot is in China.,1,Hohhot,China,China,Where is the city of Hohhot?
The city of Hohhot is in Indonesia.,0,Hohhot,Indonesia,China,Where is the city of Hohhot?
The city of Malacca is in Malaysia.,1,Malacca,Malaysia,Malaysia,Where is the city of Malacca?
The city of Malacca is in China.,0,Malacca,China,Malaysia,Where is the city of Malacca?
The city of Busan is in South Korea.,1,Busan,South Korea,South Korea,Where is the city of Busan?
The city of Busan is in Brazil.,0,Busan,Brazil,South Korea,Where is the city of Busan?
The city of Seongnam-si is in South Korea.,1,Seongnam-si,South Korea,South Korea,Where is the city of Seongnam-si?
The city of Seongnam-si is in Russia.,0,Seongnam-si,Russia,South Korea,Where is the city of Seongnam-si?
The city of Matsuyama is in Japan.,1,Matsuyama,Japan,Japan,Where is the city of Matsuyama?
The city of Matsuyama is in Burkina Faso.,0,Matsuyama,Burkina Faso,Japan,Where is the city of Matsuyama?
The city of Suwon is in South Korea.,1,Suwon,South Korea,South Korea,Where is the city of Suwon?
The city of Suwon is in Russia.,0,Suwon,Russia,South Korea,Where is the city of Suwon?
The city of Incheon is in South Korea.,1,Incheon,South Korea,South Korea,Where is the city of Incheon?
The city of Incheon is in India.,0,Incheon,India,South Korea,Where is the city of Incheon?
The city of Hwaseong-si is in South Korea.,1,Hwaseong-si,South Korea,South Korea,Where is the city of Hwaseong-si?
The city of Hwaseong-si is in Brazil.,0,Hwaseong-si,Brazil,South Korea,Where is the city of Hwaseong-si?
The city of Changwon is in South Korea.,1,Changwon,South Korea,South Korea,Where is the city of Changwon?
The city of Changwon is in Indonesia.,0,Changwon,Indonesia,South Korea,Where is the city of Changwon?
The city of Bamako is in Mali.,1,Bamako,Mali,Mali,Where is the city of Bamako?
The city of Bamako is in India.,0,Bamako,India,Mali,Where is the city of Bamako?
The city of Acapulco de Juarez is in Mexico.,1,Acapulco de Juarez,Mexico,Mexico,Where is the city of Acapulco de Juarez?
The city of Acapulco de Juarez is in Morocco.,0,Acapulco de Juarez,Morocco,Mexico,Where is the city of Acapulco de Juarez?
The city of Mosul is in Iraq.,1,Mosul,Iraq,Iraq,Where is the city of Mosul?
The city of Mosul is in China.,0,Mosul,China,Iraq,Where is the city of Mosul?
The city of Basrah is in Iraq.,1,Basrah,Iraq,Iraq,Where is the city of Basrah?
The city of Basrah is in China.,0,Basrah,China,Iraq,Where is the city of Basrah?
The city of Qom is in Iran.,1,Qom,Iran,Iran,Where is the city of Qom?
The city of Qom is in Vietnam.,0,Qom,Vietnam,Iran,Where is the city of Qom?
The city of Torreon is in Mexico.,1,Torreon,Mexico,Mexico,Where is the city of Torreon?
The city of Torreon is in India.,0,Torreon,India,Mexico,Where is the city of Torreon?
The city of Beira is in Mozambique.,1,Beira,Mozambique,Mozambique,Where is the city of Beira?
The city of Beira is in India.,0,Beira,India,Mozambique,Where is the city of Beira?
The city of Naucalpan de Juarez is in Mexico.,1,Naucalpan de Juarez,Mexico,Mexico,Where is the city of Naucalpan de Juarez?
The city of Naucalpan de Juarez is in Honduras.,0,Naucalpan de Juarez,Honduras,Mexico,Where is the city of Naucalpan de Juarez?
The city of Dehra Dun is in India.,1,Dehra Dun,India,India,Where is the city of Dehra Dun?
The city of Dehra Dun is in China.,0,Dehra Dun,China,India,Where is the city of Dehra Dun?
The city of Bhubaneswar is in India.,1,Bhubaneswar,India,India,Where is the city of Bhubaneswar?
The city of Bhubaneswar is in China.,0,Bhubaneswar,China,India,Where is the city of Bhubaneswar?
The city of Ahvaz is in Iran.,1,Ahvaz,Iran,Iran,Where is the city of Ahvaz?
The city of Ahvaz is in China.,0,Ahvaz,China,Iran,Where is the city of Ahvaz?
The city of Kumasi is in Ghana.,1,Kumasi,Ghana,Ghana,Where is the city of Kumasi?
The city of Kumasi is in India.,0,Kumasi,India,Ghana,Where is the city of Kumasi?
The city of Palembang is in Indonesia.,1,Palembang,Indonesia,Indonesia,Where is the city of Palembang?
The city of Palembang is in Brazil.,0,Palembang,Brazil,Indonesia,Where is the city of Palembang?
The city of Novokuznetsk is in Russia.,1,Novokuznetsk,Russia,Russia,Where is the city of Novokuznetsk?
The city of Novokuznetsk is in China.,0,Novokuznetsk,China,Russia,Where is the city of Novokuznetsk?
The city of Izmir is in Turkey.,1,Izmir,Turkey,Turkey,Where is the city of Izmir?
The city of Izmir is in Iran.,0,Izmir,Iran,Turkey,Where is the city of Izmir?
The city of Lahore is in Pakistan.,1,Lahore,Pakistan,Pakistan,Where is the city of Lahore?
The city of Lahore is in China.,0,Lahore,China,Pakistan,Where is the city of Lahore?
The city of Zhenjiang is in China.,1,Zhenjiang,China,China,Where is the city of Zhenjiang?
The city of Zhenjiang is in Germany.,0,Zhenjiang,Germany,China,Where is the city of Zhenjiang?
The city of Zhaotong is in China.,1,Zhaotong,China,China,Where is the city of Zhaotong?
The city of Zhaotong is in Iraq.,0,Zhaotong,Iraq,China,Where is the city of Zhaotong?
The city of Weifang is in China.,1,Weifang,China,China,Where is the city of Weifang?
The city of Weifang is in Indonesia.,0,Weifang,Indonesia,China,Where is the city of Weifang?
The city of Tianjin is in China.,1,Tianjin,China,China,Where is the city of Tianjin?
The city of Tianjin is in Bangladesh.,0,Tianjin,Bangladesh,China,Where is the city of Tianjin?
The city of Shaoxing is in China.,1,Shaoxing,China,China,Where is the city of Shaoxing?
The city of Shaoxing is in the Philippines.,0,Shaoxing,the Philippines,China,Where is the city of Shaoxing?
The city of Hangzhou is in China.,1,Hangzhou,China,China,Where is the city of Hangzhou?
The city of Hangzhou is in Russia.,0,Hangzhou,Russia,China,Where is the city of Hangzhou?
The city of Mudanjiang is in China.,1,Mudanjiang,China,China,Where is the city of Mudanjiang?
The city of Mudanjiang is in Turkey.,0,Mudanjiang,Turkey,China,Where is the city of Mudanjiang?
The city of Anshan is in China.,1,Anshan,China,China,Where is the city of Anshan?
The city of Anshan is in Cameroon.,0,Anshan,Cameroon,China,Where is the city of Anshan?
The city of Porto Velho is in Brazil.,1,Porto Velho,Brazil,Brazil,Where is the city of Porto Velho?
The city of Porto Velho is in Algeria.,0,Porto Velho,Algeria,Brazil,Where is the city of Porto Velho?
The city of N'Djamena is in Chad.,1,N'Djamena,Chad,Chad,Where is the city of N'Djamena?
The city of N'Djamena is in China.,0,N'Djamena,China,Chad,Where is the city of N'Djamena?
The city of Kayseri is in Turkey.,1,Kayseri,Turkey,Turkey,Where is the city of Kayseri?
The city of Kayseri is in Iraq.,0,Kayseri,Iraq,Turkey,Where is the city of Kayseri?
The city of Marseille is in France.,1,Marseille,France,France,Where is the city of Marseille?
The city of Marseille is in Russia.,0,Marseille,Russia,France,Where is the city of Marseille?
The city of Lyon is in France.,1,Lyon,France,France,Where is the city of Lyon?
The city of Lyon is in Canada.,0,Lyon,Canada,France,Where is the city of Lyon?
The city of Suez is in Egypt.,1,Suez,Egypt,Egypt,Where is the city of Suez?
The city of Suez is in Brazil.,0,Suez,Brazil,Egypt,Where is the city of Suez?
The city of Giza is in Egypt.,1,Giza,Egypt,Egypt,Where is the city of Giza?
The city of Giza is in India.,0,Giza,India,Egypt,Where is the city of Giza?
The city of Naberezhnyye Chelny is in Russia.,1,Naberezhnyye Chelny,Russia,Russia,Where is the city of Naberezhnyye Chelny?
The city of Naberezhnyye Chelny is in Brazil.,0,Naberezhnyye Chelny,Brazil,Russia,Where is the city of Naberezhnyye Chelny?
The city of Mukalla is in Yemen.,1,Mukalla,Yemen,Yemen,Where is the city of Mukalla?
The city of Mukalla is in Iran.,0,Mukalla,Iran,Yemen,Where is the city of Mukalla?
The city of Harare is in Zimbabwe.,1,Harare,Zimbabwe,Zimbabwe,Where is the city of Harare?
The city of Harare is in Turkey.,0,Harare,Turkey,Zimbabwe,Where is the city of Harare?
The city of Sevastopol is in Ukraine.,1,Sevastopol,Ukraine,Ukraine,Where is the city of Sevastopol?
The city of Sevastopol is in Pakistan.,0,Sevastopol,Pakistan,Ukraine,Where is the city of Sevastopol?
The city of Lipetsk is in Russia.,1,Lipetsk,Russia,Russia,Where is the city of Lipetsk?
The city of Lipetsk is in China.,0,Lipetsk,China,Russia,Where is the city of Lipetsk?
The city of Istanbul is in Turkey.,1,Istanbul,Turkey,Turkey,Where is the city of Istanbul?
The city of Istanbul is in Ghana.,0,Istanbul,Ghana,Turkey,Where is the city of Istanbul?
The city of Callao is in Peru.,1,Callao,Peru,Peru,Where is the city of Callao?
The city of Callao is in Myanmar.,0,Callao,Myanmar,Peru,Where is the city of Callao?
The city of Cebu City is in the Philippines.,1,Cebu City,the Philippines,the Philippines,Where is the city of Cebu City?
The city of Cebu City is in China.,0,Cebu City,China,the Philippines,Where is the city of Cebu City?
The city of Tashkent is in Uzbekistan.,1,Tashkent,Uzbekistan,Uzbekistan,Where is the city of Tashkent?
The city of Tashkent is in Mexico.,0,Tashkent,Mexico,Uzbekistan,Where is the city of Tashkent?
The city of Maturin is in Venezuela.,1,Maturin,Venezuela,Venezuela,Where is the city of Maturin?
The city of Maturin is in Saudi Arabia.,0,Maturin,Saudi Arabia,Venezuela,Where is the city of Maturin?
The city of Hanoi is in Vietnam.,1,Hanoi,Vietnam,Vietnam,Where is the city of Hanoi?
The city of Hanoi is in Poland.,0,Hanoi,Poland,Vietnam,Where is the city of Hanoi?
The city of Xuzhou is in China.,1,Xuzhou,China,China,Where is the city of Xuzhou?
The city of Xuzhou is in Mexico.,0,Xuzhou,Mexico,China,Where is the city of Xuzhou?
The city of Cucuta is in Colombia.,1,Cucuta,Colombia,Colombia,Where is the city of Cucuta?
The city of Cucuta is in India.,0,Cucuta,India,Colombia,Where is the city of Cucuta?
The city of Santo Domingo Oeste is in the Dominican Republic.,1,Santo Domingo Oeste,the Dominican Republic,the Dominican Republic,Where is the city of Santo Domingo Oeste?
The city of Santo Domingo Oeste is in Zambia.,0,Santo Domingo Oeste,Zambia,the Dominican Republic,Where is the city of Santo Domingo Oeste?
The city of Tangshan is in China.,1,Tangshan,China,China,Where is the city of Tangshan?
The city of Tangshan is in India.,0,Tangshan,India,China,Where is the city of Tangshan?
The city of Neijiang is in China.,1,Neijiang,China,China,Where is the city of Neijiang?
The city of Neijiang is in Ghana.,0,Neijiang,Ghana,China,Where is the city of Neijiang?
The city of Linfen is in China.,1,Linfen,China,China,Where is the city of Linfen?
The city of Linfen is in India.,0,Linfen,India,China,Where is the city of Linfen?
The city of Yiwu is in China.,1,Yiwu,China,China,Where is the city of Yiwu?
The city of Yiwu is in India.,0,Yiwu,India,China,Where is the city of Yiwu?
The city of Qiqihar is in China.,1,Qiqihar,China,China,Where is the city of Qiqihar?
The city of Qiqihar is in India.,0,Qiqihar,India,China,Where is the city of Qiqihar?
The city of Baotou is in China.,1,Baotou,China,China,Where is the city of Baotou?
The city of Baotou is in Japan.,0,Baotou,Japan,China,Where is the city of Baotou?
The city of Aparecida de Goiania is in Brazil.,1,Aparecida de Goiania,Brazil,Brazil,Where is the city of Aparecida de Goiania?
The city of Aparecida de Goiania is in China.,0,Aparecida de Goiania,China,Brazil,Where is the city of Aparecida de Goiania?
The city of Kinshasa is in the Democratic Republic of the Congo.,1,Kinshasa,the Democratic Republic of the Congo,the Democratic Republic of the Congo,Where is the city of Kinshasa?
The city of Kinshasa is in Brazil.,0,Kinshasa,Brazil,the Democratic Republic of the Congo,Where is the city of Kinshasa?
The city of Ciudad Nezahualcoyotl is in Mexico.,1,Ciudad Nezahualcoyotl,Mexico,Mexico,Where is the city of Ciudad Nezahualcoyotl?
The city of Ciudad Nezahualcoyotl is in Senegal.,0,Ciudad Nezahualcoyotl,Senegal,Mexico,Where is the city of Ciudad Nezahualcoyotl?
The city of Mexicali is in Mexico.,1,Mexicali,Mexico,Mexico,Where is the city of Mexicali?
The city of Mexicali is in South Africa.,0,Mexicali,South Africa,Mexico,Where is the city of Mexicali?
The city of Ciudad Juarez is in Mexico.,1,Ciudad Juarez,Mexico,Mexico,Where is the city of Ciudad Juarez?
The city of Ciudad Juarez is in India.,0,Ciudad Juarez,India,Mexico,Where is the city of Ciudad Juarez?
The city of Kampung Baru Subang is in Malaysia.,1,Kampung Baru Subang,Malaysia,Malaysia,Where is the city of Kampung Baru Subang?
The city of Kampung Baru Subang is in the Philippines.,0,Kampung Baru Subang,the Philippines,Malaysia,Where is the city of Kampung Baru Subang?
The city of Subang Jaya is in Malaysia.,1,Subang Jaya,Malaysia,Malaysia,Where is the city of Subang Jaya?
The city of Subang Jaya is in Germany.,0,Subang Jaya,Germany,Malaysia,Where is the city of Subang Jaya?
The city of Maputo is in Mozambique.,1,Maputo,Mozambique,Mozambique,Where is the city of Maputo?
The city of Maputo is in Japan.,0,Maputo,Japan,Mozambique,Where is the city of Maputo?
The city of Kumamoto is in Japan.,1,Kumamoto,Japan,Japan,Where is the city of Kumamoto?
The city of Kumamoto is in China.,0,Kumamoto,China,Japan,Where is the city of Kumamoto?
The city of Daegu is in South Korea.,1,Daegu,South Korea,South Korea,Where is the city of Daegu?
The city of Daegu is in the United States.,0,Daegu,the United States,South Korea,Where is the city of Daegu?
The city of Vilnius is in Lithuania.,1,Vilnius,Lithuania,Lithuania,Where is the city of Vilnius?
The city of Vilnius is in China.,0,Vilnius,China,Lithuania,Where is the city of Vilnius?
The city of Ranchi is in India.,1,Ranchi,India,India,Where is the city of Ranchi?
The city of Ranchi is in Venezuela.,0,Ranchi,Venezuela,India,Where is the city of Ranchi?
The city of Jalandhar is in India.,1,Jalandhar,India,India,Where is the city of Jalandhar?
The city of Jalandhar is in Iraq.,0,Jalandhar,Iraq,India,Where is the city of Jalandhar?
The city of Bhayandar is in India.,1,Bhayandar,India,India,Where is the city of Bhayandar?
The city of Bhayandar is in China.,0,Bhayandar,China,India,Where is the city of Bhayandar?
The city of Bareilly is in India.,1,Bareilly,India,India,Where is the city of Bareilly?
The city of Bareilly is in Mozambique.,0,Bareilly,Mozambique,India,Where is the city of Bareilly?
The city of Santo Domingo Este is in the Dominican Republic.,1,Santo Domingo Este,the Dominican Republic,the Dominican Republic,Where is the city of Santo Domingo Este?
The city of Santo Domingo Este is in India.,0,Santo Domingo Este,India,the Dominican Republic,Where is the city of Santo Domingo Este?
The city of Al Fayyum is in Egypt.,1,Al Fayyum,Egypt,Egypt,Where is the city of Al Fayyum?
The city of Al Fayyum is in Chile.,0,Al Fayyum,Chile,Egypt,Where is the city of Al Fayyum?
The city of Rizhao is in China.,1,Rizhao,China,China,Where is the city of Rizhao?
The city of Rizhao is in Iraq.,0,Rizhao,Iraq,China,Where is the city of Rizhao?
"The city of Mianzhu, Deyang, Sichuan is in China.",1,"Mianzhu, Deyang, Sichuan",China,China,"Where is the city of Mianzhu, Deyang, Sichuan?"
"The city of Mianzhu, Deyang, Sichuan is in India.",0,"Mianzhu, Deyang, Sichuan",India,China,"Where is the city of Mianzhu, Deyang, Sichuan?"
The city of Jabalpur is in India.,1,Jabalpur,India,India,Where is the city of Jabalpur?
The city of Jabalpur is in Ukraine.,0,Jabalpur,Ukraine,India,Where is the city of Jabalpur?
The city of Bilimora is in India.,1,Bilimora,India,India,Where is the city of Bilimora?
The city of Bilimora is in Uzbekistan.,0,Bilimora,Uzbekistan,India,Where is the city of Bilimora?
The city of Accra is in Ghana.,1,Accra,Ghana,Ghana,Where is the city of Accra?
The city of Accra is in China.,0,Accra,China,Ghana,Where is the city of Accra?
The city of Bogor is in Indonesia.,1,Bogor,Indonesia,Indonesia,Where is the city of Bogor?
The city of Bogor is in South Korea.,0,Bogor,South Korea,Indonesia,Where is the city of Bogor?
The city of Nyala is in Sudan.,1,Nyala,Sudan,Sudan,Where is the city of Nyala?
The city of Nyala is in Mozambique.,0,Nyala,Mozambique,Sudan,Where is the city of Nyala?
The city of Eskisehir is in Turkey.,1,Eskisehir,Turkey,Turkey,Where is the city of Eskisehir?
The city of Eskisehir is in China.,0,Eskisehir,China,Turkey,Where is the city of Eskisehir?
The city of Antalya is in Turkey.,1,Antalya,Turkey,Turkey,Where is the city of Antalya?
The city of Antalya is in Germany.,0,Antalya,Germany,Turkey,Where is the city of Antalya?
The city of Dnipro is in Ukraine.,1,Dnipro,Ukraine,Ukraine,Where is the city of Dnipro?
The city of Dnipro is in Russia.,0,Dnipro,Russia,Ukraine,Where is the city of Dnipro?
The city of Khabarovsk is in Russia.,1,Khabarovsk,Russia,Russia,Where is the city of Khabarovsk?
The city of Khabarovsk is in Saudi Arabia.,0,Khabarovsk,Saudi Arabia,Russia,Where is the city of Khabarovsk?
The city of Irkutsk is in Russia.,1,Irkutsk,Russia,Russia,Where is the city of Irkutsk?
The city of Irkutsk is in Morocco.,0,Irkutsk,Morocco,Russia,Where is the city of Irkutsk?
The city of Libreville is in Gabon.,1,Libreville,Gabon,Gabon,Where is the city of Libreville?
The city of Libreville is in the United States.,0,Libreville,the United States,Gabon,Where is the city of Libreville?
The city of Santiago de los Caballeros is in the Dominican Republic.,1,Santiago de los Caballeros,the Dominican Republic,the Dominican Republic,Where is the city of Santiago de los Caballeros?
The city of Santiago de los Caballeros is in India.,0,Santiago de los Caballeros,India,the Dominican Republic,Where is the city of Santiago de los Caballeros?
The city of Algiers is in Algeria.,1,Algiers,Algeria,Algeria,Where is the city of Algiers?
The city of Algiers is in China.,0,Algiers,China,Algeria,Where is the city of Algiers?
The city of Nashik is in India.,1,Nashik,India,India,Where is the city of Nashik?
The city of Nashik is in China.,0,Nashik,China,India,Where is the city of Nashik?
The city of Karol Bagh is in India.,1,Karol Bagh,India,India,Where is the city of Karol Bagh?
The city of Karol Bagh is in Syria.,0,Karol Bagh,Syria,India,Where is the city of Karol Bagh?
The city of Orumiyeh is in Iran.,1,Orumiyeh,Iran,Iran,Where is the city of Orumiyeh?
The city of Orumiyeh is in Saudi Arabia.,0,Orumiyeh,Saudi Arabia,Iran,Where is the city of Orumiyeh?
The city of Zahedan is in Iran.,1,Zahedan,Iran,Iran,Where is the city of Zahedan?
The city of Zahedan is in Nicaragua.,0,Zahedan,Nicaragua,Iran,Where is the city of Zahedan?
The city of Xuchang is in China.,1,Xuchang,China,China,Where is the city of Xuchang?
The city of Xuchang is in Japan.,0,Xuchang,Japan,China,Where is the city of Xuchang?
The city of Changde is in China.,1,Changde,China,China,Where is the city of Changde?
The city of Changde is in Mexico.,0,Changde,Mexico,China,Where is the city of Changde?
The city of Shaoguan is in China.,1,Shaoguan,China,China,Where is the city of Shaoguan?
The city of Shaoguan is in Pakistan.,0,Shaoguan,Pakistan,China,Where is the city of Shaoguan?
The city of Jilin is in China.,1,Jilin,China,China,Where is the city of Jilin?
The city of Jilin is in the United States.,0,Jilin,the United States,China,Where is the city of Jilin?
The city of Manaus is in Brazil.,1,Manaus,Brazil,Brazil,Where is the city of Manaus?
The city of Manaus is in Turkey.,0,Manaus,Turkey,Brazil,Where is the city of Manaus?
The city of Jaboatao dos Guararapes is in Brazil.,1,Jaboatao dos Guararapes,Brazil,Brazil,Where is the city of Jaboatao dos Guararapes?
The city of Jaboatao dos Guararapes is in Myanmar.,0,Jaboatao dos Guararapes,Myanmar,Brazil,Where is the city of Jaboatao dos Guararapes?
The city of Kakamega is in Kenya.,1,Kakamega,Kenya,Kenya,Where is the city of Kakamega?
The city of Kakamega is in Russia.,0,Kakamega,Russia,Kenya,Where is the city of Kakamega?
The city of Agadir is in Morocco.,1,Agadir,Morocco,Morocco,Where is the city of Agadir?
The city of Agadir is in Bangladesh.,0,Agadir,Bangladesh,Morocco,Where is the city of Agadir?
The city of Ulan Bator is in Mongolia.,1,Ulan Bator,Mongolia,Mongolia,Where is the city of Ulan Bator?
The city of Ulan Bator is in Ukraine.,0,Ulan Bator,Ukraine,Mongolia,Where is the city of Ulan Bator?
The city of Muscat is in Oman.,1,Muscat,Oman,Oman,Where is the city of Muscat?
The city of Muscat is in Bangladesh.,0,Muscat,Bangladesh,Oman,Where is the city of Muscat?
The city of Paranaque City is in the Philippines.,1,Paranaque City,the Philippines,the Philippines,Where is the city of Paranaque City?
The city of Paranaque City is in India.,0,Paranaque City,India,the Philippines,Where is the city of Paranaque City?
The city of Rahim Yar Khan is in Pakistan.,1,Rahim Yar Khan,Pakistan,Pakistan,Where is the city of Rahim Yar Khan?
The city of Rahim Yar Khan is in Lithuania.,0,Rahim Yar Khan,Lithuania,Pakistan,Where is the city of Rahim Yar Khan?
The city of Balikpapan is in Indonesia.,1,Balikpapan,Indonesia,Indonesia,Where is the city of Balikpapan?
The city of Balikpapan is in Japan.,0,Balikpapan,Japan,Indonesia,Where is the city of Balikpapan?
The city of Guarulhos is in Brazil.,1,Guarulhos,Brazil,Brazil,Where is the city of Guarulhos?
The city of Guarulhos is in China.,0,Guarulhos,China,Brazil,Where is the city of Guarulhos?
The city of Volgograd is in Russia.,1,Volgograd,Russia,Russia,Where is the city of Volgograd?
The city of Volgograd is in Nigeria.,0,Volgograd,Nigeria,Russia,Where is the city of Volgograd?
The city of Ulyanovsk is in Russia.,1,Ulyanovsk,Russia,Russia,Where is the city of Ulyanovsk?
The city of Ulyanovsk is in Ukraine.,0,Ulyanovsk,Ukraine,Russia,Where is the city of Ulyanovsk?
The city of Kota Bharu is in Malaysia.,1,Kota Bharu,Malaysia,Malaysia,Where is the city of Kota Bharu?
The city of Kota Bharu is in Norway.,0,Kota Bharu,Norway,Malaysia,Where is the city of Kota Bharu?
The city of Sarajevo is in Bosnia and Herzegovina.,1,Sarajevo,Bosnia and Herzegovina,Bosnia and Herzegovina,Where is the city of Sarajevo?
The city of Sarajevo is in South Africa.,0,Sarajevo,South Africa,Bosnia and Herzegovina,Where is the city of Sarajevo?
The city of Maceio is in Brazil.,1,Maceio,Brazil,Brazil,Where is the city of Maceio?
The city of Maceio is in China.,0,Maceio,China,Brazil,Where is the city of Maceio?
The city of Joao Pessoa is in Brazil.,1,Joao Pessoa,Brazil,Brazil,Where is the city of Joao Pessoa?
The city of Joao Pessoa is in South Africa.,0,Joao Pessoa,South Africa,Brazil,Where is the city of Joao Pessoa?
The city of Shangqiu is in China.,1,Shangqiu,China,China,Where is the city of Shangqiu?
The city of Shangqiu is in South Korea.,0,Shangqiu,South Korea,China,Where is the city of Shangqiu?
The city of Zhangye is in China.,1,Zhangye,China,China,Where is the city of Zhangye?
The city of Zhangye is in Venezuela.,0,Zhangye,Venezuela,China,Where is the city of Zhangye?
The city of Xuanzhou is in China.,1,Xuanzhou,China,China,Where is the city of Xuanzhou?
The city of Xuanzhou is in Tanzania.,0,Xuanzhou,Tanzania,China,Where is the city of Xuanzhou?
The city of Wuhan is in China.,1,Wuhan,China,China,Where is the city of Wuhan?
The city of Wuhan is in Egypt.,0,Wuhan,Egypt,China,Where is the city of Wuhan?
The city of Nanchang is in China.,1,Nanchang,China,China,Where is the city of Nanchang?
The city of Nanchang is in Malaysia.,0,Nanchang,Malaysia,China,Where is the city of Nanchang?
The city of Luancheng is in China.,1,Luancheng,China,China,Where is the city of Luancheng?
The city of Luancheng is in Brazil.,0,Luancheng,Brazil,China,Where is the city of Luancheng?
The city of Liuzhou is in China.,1,Liuzhou,China,China,Where is the city of Liuzhou?
The city of Liuzhou is in Russia.,0,Liuzhou,Russia,China,Where is the city of Liuzhou?
The city of Guangyuan is in China.,1,Guangyuan,China,China,Where is the city of Guangyuan?
The city of Guangyuan is in Mexico.,0,Guangyuan,Mexico,China,Where is the city of Guangyuan?
The city of Bijie is in China.,1,Bijie,China,China,Where is the city of Bijie?
The city of Bijie is in Indonesia.,0,Bijie,Indonesia,China,Where is the city of Bijie?
The city of Zhoushan is in China.,1,Zhoushan,China,China,Where is the city of Zhoushan?
The city of Zhoushan is in the Philippines.,0,Zhoushan,the Philippines,China,Where is the city of Zhoushan?
The city of Hegang is in China.,1,Hegang,China,China,Where is the city of Hegang?
The city of Hegang is in Russia.,0,Hegang,Russia,China,Where is the city of Hegang?
The city of E'zhou is in China.,1,E'zhou,China,China,Where is the city of E'zhou?
The city of E'zhou is in Malaysia.,0,E'zhou,Malaysia,China,Where is the city of E'zhou?
The city of Campos dos Goytacazes is in Brazil.,1,Campos dos Goytacazes,Brazil,Brazil,Where is the city of Campos dos Goytacazes?
The city of Campos dos Goytacazes is in Vietnam.,0,Campos dos Goytacazes,Vietnam,Brazil,Where is the city of Campos dos Goytacazes?
The city of Bucharest is in Romania.,1,Bucharest,Romania,Romania,Where is the city of Bucharest?
The city of Bucharest is in Italy.,0,Bucharest,Italy,Romania,Where is the city of Bucharest?
The city of Ansan-si is in South Korea.,1,Ansan-si,South Korea,South Korea,Where is the city of Ansan-si?
The city of Ansan-si is in Canada.,0,Ansan-si,Canada,South Korea,Where is the city of Ansan-si?
The city of Casablanca is in Morocco.,1,Casablanca,Morocco,Morocco,Where is the city of Casablanca?
The city of Casablanca is in Russia.,0,Casablanca,Russia,Morocco,Where is the city of Casablanca?
The city of Coyoacan is in Mexico.,1,Coyoacan,Mexico,Mexico,Where is the city of Coyoacan?
The city of Coyoacan is in Kenya.,0,Coyoacan,Kenya,Mexico,Where is the city of Coyoacan?
The city of Oyo is in Nigeria.,1,Oyo,Nigeria,Nigeria,Where is the city of Oyo?
The city of Oyo is in China.,0,Oyo,China,Nigeria,Where is the city of Oyo?
The city of Pasig City is in the Philippines.,1,Pasig City,the Philippines,the Philippines,Where is the city of Pasig City?
The city of Pasig City is in Morocco.,0,Pasig City,Morocco,the Philippines,Where is the city of Pasig City?
The city of Kano is in Nigeria.,1,Kano,Nigeria,Nigeria,Where is the city of Kano?
The city of Kano is in China.,0,Kano,China,Nigeria,Where is the city of Kano?
The city of Bahawalpur is in Pakistan.,1,Bahawalpur,Pakistan,Pakistan,Where is the city of Bahawalpur?
The city of Bahawalpur is in China.,0,Bahawalpur,China,Pakistan,Where is the city of Bahawalpur?
The city of New Kingston is in Jamaica.,1,New Kingston,Jamaica,Jamaica,Where is the city of New Kingston?
The city of New Kingston is in South Africa.,0,New Kingston,South Africa,Jamaica,Where is the city of New Kingston?
The city of Pyongyang is in North Korea.,1,Pyongyang,North Korea,North Korea,Where is the city of Pyongyang?
The city of Pyongyang is in Argentina.,0,Pyongyang,Argentina,North Korea,Where is the city of Pyongyang?
The city of Shymkent is in Kazakhstan.,1,Shymkent,Kazakhstan,Kazakhstan,Where is the city of Shymkent?
The city of Shymkent is in China.,0,Shymkent,China,Kazakhstan,Where is the city of Shymkent?
The city of Tlalpan is in Mexico.,1,Tlalpan,Mexico,Mexico,Where is the city of Tlalpan?
The city of Tlalpan is in Egypt.,0,Tlalpan,Egypt,Mexico,Where is the city of Tlalpan?
The city of Kemerovo is in Russia.,1,Kemerovo,Russia,Russia,Where is the city of Kemerovo?
The city of Kemerovo is in India.,0,Kemerovo,India,Russia,Where is the city of Kemerovo?
The city of Zaporizhzhya is in Ukraine.,1,Zaporizhzhya,Ukraine,Ukraine,Where is the city of Zaporizhzhya?
The city of Zaporizhzhya is in South Korea.,0,Zaporizhzhya,South Korea,Ukraine,Where is the city of Zaporizhzhya?
The city of Iztapalapa is in Mexico.,1,Iztapalapa,Mexico,Mexico,Where is the city of Iztapalapa?
The city of Iztapalapa is in Yemen.,0,Iztapalapa,Yemen,Mexico,Where is the city of Iztapalapa?
The city of Aguascalientes is in Mexico.,1,Aguascalientes,Mexico,Mexico,Where is the city of Aguascalientes?
The city of Aguascalientes is in China.,0,Aguascalientes,China,Mexico,Where is the city of Aguascalientes?
The city of Kuala Lumpur is in Malaysia.,1,Kuala Lumpur,Malaysia,Malaysia,Where is the city of Kuala Lumpur?
The city of Kuala Lumpur is in Oman.,0,Kuala Lumpur,Oman,Malaysia,Where is the city of Kuala Lumpur?
The city of Warri is in Nigeria.,1,Warri,Nigeria,Nigeria,Where is the city of Warri?
The city of Warri is in China.,0,Warri,China,Nigeria,Where is the city of Warri?
The city of Peshawar is in Pakistan.,1,Peshawar,Pakistan,Pakistan,Where is the city of Peshawar?
The city of Peshawar is in Tanzania.,0,Peshawar,Tanzania,Pakistan,Where is the city of Peshawar?
The city of Kagoshima is in Japan.,1,Kagoshima,Japan,Japan,Where is the city of Kagoshima?
The city of Kagoshima is in India.,0,Kagoshima,India,Japan,Where is the city of Kagoshima?
The city of Hamamatsu is in Japan.,1,Hamamatsu,Japan,Japan,Where is the city of Hamamatsu?
The city of Hamamatsu is in Russia.,0,Hamamatsu,Russia,Japan,Where is the city of Hamamatsu?
The city of Cheongju-si is in South Korea.,1,Cheongju-si,South Korea,South Korea,Where is the city of Cheongju-si?
The city of Cheongju-si is in India.,0,Cheongju-si,India,South Korea,Where is the city of Cheongju-si?
The city of Ghaziabad is in India.,1,Ghaziabad,India,India,Where is the city of Ghaziabad?
The city of Ghaziabad is in South Korea.,0,Ghaziabad,South Korea,India,Where is the city of Ghaziabad?
The city of Cochin is in India.,1,Cochin,India,India,Where is the city of Cochin?
The city of Cochin is in China.,0,Cochin,China,India,Where is the city of Cochin?
The city of Ahmedabad is in India.,1,Ahmedabad,India,India,Where is the city of Ahmedabad?
The city of Ahmedabad is in China.,0,Ahmedabad,China,India,Where is the city of Ahmedabad?
The city of Sulaymaniyah is in Iraq.,1,Sulaymaniyah,Iraq,Iraq,Where is the city of Sulaymaniyah?
The city of Sulaymaniyah is in Turkey.,0,Sulaymaniyah,Turkey,Iraq,Where is the city of Sulaymaniyah?
The city of Hamadan is in Iran.,1,Hamadan,Iran,Iran,Where is the city of Hamadan?
The city of Hamadan is in Pakistan.,0,Hamadan,Pakistan,Iran,Where is the city of Hamadan?
The city of Omsk is in Russia.,1,Omsk,Russia,Russia,Where is the city of Omsk?
The city of Omsk is in China.,0,Omsk,China,Russia,Where is the city of Omsk?
The city of Ta'if is in Saudi Arabia.,1,Ta'if,Saudi Arabia,Saudi Arabia,Where is the city of Ta'if?
The city of Ta'if is in Venezuela.,0,Ta'if,Venezuela,Saudi Arabia,Where is the city of Ta'if?
The city of Stockholm is in Sweden.,1,Stockholm,Sweden,Sweden,Where is the city of Stockholm?
The city of Stockholm is in Russia.,0,Stockholm,Russia,Sweden,Where is the city of Stockholm?
The city of Siliguri is in India.,1,Siliguri,India,India,Where is the city of Siliguri?
The city of Siliguri is in China.,0,Siliguri,China,India,Where is the city of Siliguri?
The city of Baghdad is in Iraq.,1,Baghdad,Iraq,Iraq,Where is the city of Baghdad?
The city of Baghdad is in China.,0,Baghdad,China,Iraq,Where is the city of Baghdad?
The city of Al Basrah al Qadimah is in Iraq.,1,Al Basrah al Qadimah,Iraq,Iraq,Where is the city of Al Basrah al Qadimah?
The city of Al Basrah al Qadimah is in China.,0,Al Basrah al Qadimah,China,Iraq,Where is the city of Al Basrah al Qadimah?
The city of Krakow is in Poland.,1,Krakow,Poland,Poland,Where is the city of Krakow?
The city of Krakow is in South Korea.,0,Krakow,South Korea,Poland,Where is the city of Krakow?
The city of Tolyatti is in Russia.,1,Tolyatti,Russia,Russia,Where is the city of Tolyatti?
The city of Tolyatti is in Ghana.,0,Tolyatti,Ghana,Russia,Where is the city of Tolyatti?
The city of Bandar Lampung is in Indonesia.,1,Bandar Lampung,Indonesia,Indonesia,Where is the city of Bandar Lampung?
The city of Bandar Lampung is in South Africa.,0,Bandar Lampung,South Africa,Indonesia,Where is the city of Bandar Lampung?
The city of Tucson is in the United States.,1,Tucson,the United States,the United States,Where is the city of Tucson?
The city of Tucson is in Canada.,0,Tucson,Canada,the United States,Where is the city of Tucson?
The city of Can Tho is in Vietnam.,1,Can Tho,Vietnam,Vietnam,Where is the city of Can Tho?
The city of Can Tho is in Venezuela.,0,Can Tho,Venezuela,Vietnam,Where is the city of Can Tho?
The city of Bouake is in Côte d'Ivoire.,1,Bouake,Côte d'Ivoire,Côte d'Ivoire,Where is the city of Bouake?
The city of Bouake is in China.,0,Bouake,China,Côte d'Ivoire,Where is the city of Bouake?
The city of Abobo is in Côte d'Ivoire.,1,Abobo,Côte d'Ivoire,Côte d'Ivoire,Where is the city of Abobo?
The city of Abobo is in India.,0,Abobo,India,Côte d'Ivoire,Where is the city of Abobo?
The city of Shihezi is in China.,1,Shihezi,China,China,Where is the city of Shihezi?
The city of Shihezi is in Russia.,0,Shihezi,Russia,China,Where is the city of Shihezi?
The city of Yunfu is in China.,1,Yunfu,China,China,Where is the city of Yunfu?
The city of Yunfu is in Honduras.,0,Yunfu,Honduras,China,Where is the city of Yunfu?
The city of Xiangtan is in China.,1,Xiangtan,China,China,Where is the city of Xiangtan?
The city of Xiangtan is in Brazil.,0,Xiangtan,Brazil,China,Where is the city of Xiangtan?
The city of Qionghai is in China.,1,Qionghai,China,China,Where is the city of Qionghai?
The city of Qionghai is in Ecuador.,0,Qionghai,Ecuador,China,Where is the city of Qionghai?
The city of Chuzhou is in China.,1,Chuzhou,China,China,Where is the city of Chuzhou?
The city of Chuzhou is in India.,0,Chuzhou,India,China,Where is the city of Chuzhou?
The city of Taiz is in Yemen.,1,Taiz,Yemen,Yemen,Where is the city of Taiz?
The city of Taiz is in Burkina Faso.,0,Taiz,Burkina Faso,Yemen,Where is the city of Taiz?
The city of Tembisa is in South Africa.,1,Tembisa,South Africa,South Africa,Where is the city of Tembisa?
The city of Tembisa is in the Philippines.,0,Tembisa,the Philippines,South Africa,Where is the city of Tembisa?
The city of Puente Alto is in Chile.,1,Puente Alto,Chile,Chile,Where is the city of Puente Alto?
The city of Puente Alto is in China.,0,Puente Alto,China,Chile,Where is the city of Puente Alto?
The city of Zhumadian is in China.,1,Zhumadian,China,China,Where is the city of Zhumadian?
The city of Zhumadian is in Brazil.,0,Zhumadian,Brazil,China,Where is the city of Zhumadian?
The city of Zhengzhou is in China.,1,Zhengzhou,China,China,Where is the city of Zhengzhou?
The city of Zhengzhou is in Brazil.,0,Zhengzhou,Brazil,China,Where is the city of Zhengzhou?
The city of Ya'an is in China.,1,Ya'an,China,China,Where is the city of Ya'an?
The city of Ya'an is in Morocco.,0,Ya'an,Morocco,China,Where is the city of Ya'an?
The city of Xianyang is in China.,1,Xianyang,China,China,Where is the city of Xianyang?
The city of Xianyang is in Russia.,0,Xianyang,Russia,China,Where is the city of Xianyang?
The city of Weihai is in China.,1,Weihai,China,China,Where is the city of Weihai?
The city of Weihai is in Russia.,0,Weihai,Russia,China,Where is the city of Weihai?
The city of Pingdingshan is in China.,1,Pingdingshan,China,China,Where is the city of Pingdingshan?
The city of Pingdingshan is in South Africa.,0,Pingdingshan,South Africa,China,Where is the city of Pingdingshan?
The city of Bengbu is in China.,1,Bengbu,China,China,Where is the city of Bengbu?
The city of Bengbu is in India.,0,Bengbu,India,China,Where is the city of Bengbu?
The city of Zhangjiakou is in China.,1,Zhangjiakou,China,China,Where is the city of Zhangjiakou?
The city of Zhangjiakou is in India.,0,Zhangjiakou,India,China,Where is the city of Zhangjiakou?
The city of Mississauga is in Canada.,1,Mississauga,Canada,Canada,Where is the city of Mississauga?
The city of Mississauga is in India.,0,Mississauga,India,Canada,Where is the city of Mississauga?
The city of Yerevan is in Armenia.,1,Yerevan,Armenia,Armenia,Where is the city of Yerevan?
The city of Yerevan is in Bangladesh.,0,Yerevan,Bangladesh,Armenia,Where is the city of Yerevan?
The city of Albuquerque is in the United States.,1,Albuquerque,the United States,the United States,Where is the city of Albuquerque?
The city of Albuquerque is in Egypt.,0,Albuquerque,Egypt,the United States,Where is the city of Albuquerque?
The city of New South Memphis is in the United States.,1,New South Memphis,the United States,the United States,Where is the city of New South Memphis?
The city of New South Memphis is in China.,0,New South Memphis,China,the United States,Where is the city of New South Memphis?
The city of Calgary is in Canada.,1,Calgary,Canada,Canada,Where is the city of Calgary?
The city of Calgary is in India.,0,Calgary,India,Canada,Where is the city of Calgary?
The city of Kisangani is in the Democratic Republic of the Congo.,1,Kisangani,the Democratic Republic of the Congo,the Democratic Republic of the Congo,Where is the city of Kisangani?
The city of Kisangani is in China.,0,Kisangani,China,the Democratic Republic of the Congo,Where is the city of Kisangani?
The city of Bobo-Dioulasso is in Burkina Faso.,1,Bobo-Dioulasso,Burkina Faso,Burkina Faso,Where is the city of Bobo-Dioulasso?
The city of Bobo-Dioulasso is in China.,0,Bobo-Dioulasso,China,Burkina Faso,Where is the city of Bobo-Dioulasso?
The city of Sao Jose dos Campos is in Brazil.,1,Sao Jose dos Campos,Brazil,Brazil,Where is the city of Sao Jose dos Campos?
The city of Sao Jose dos Campos is in Iran.,0,Sao Jose dos Campos,Iran,Brazil,Where is the city of Sao Jose dos Campos?
The city of Florianopolis is in Brazil.,1,Florianopolis,Brazil,Brazil,Where is the city of Florianopolis?
The city of Florianopolis is in Ecuador.,0,Florianopolis,Ecuador,Brazil,Where is the city of Florianopolis?
The city of Cuiaba is in Brazil.,1,Cuiaba,Brazil,Brazil,Where is the city of Cuiaba?
The city of Cuiaba is in Latvia.,0,Cuiaba,Latvia,Brazil,Where is the city of Cuiaba?
The city of Chattogram is in Bangladesh.,1,Chattogram,Bangladesh,Bangladesh,Where is the city of Chattogram?
The city of Chattogram is in China.,0,Chattogram,China,Bangladesh,Where is the city of Chattogram?
The city of Nanjing is in China.,1,Nanjing,China,China,Where is the city of Nanjing?
The city of Nanjing is in Germany.,0,Nanjing,Germany,China,Where is the city of Nanjing?
The city of Kaifeng is in China.,1,Kaifeng,China,China,Where is the city of Kaifeng?
The city of Kaifeng is in Mexico.,0,Kaifeng,Mexico,China,Where is the city of Kaifeng?
The city of Heze is in China.,1,Heze,China,China,Where is the city of Heze?
The city of Heze is in Yemen.,0,Heze,Yemen,China,Where is the city of Heze?
The city of Sendai is in Japan.,1,Sendai,Japan,Japan,Where is the city of Sendai?
The city of Sendai is in Brazil.,0,Sendai,Brazil,Japan,Where is the city of Sendai?
The city of Jeonju is in South Korea.,1,Jeonju,South Korea,South Korea,Where is the city of Jeonju?
The city of Jeonju is in the United States.,0,Jeonju,the United States,South Korea,Where is the city of Jeonju?
The city of Almaty is in Kazakhstan.,1,Almaty,Kazakhstan,Kazakhstan,Where is the city of Almaty?
The city of Almaty is in Iraq.,0,Almaty,Iraq,Kazakhstan,Where is the city of Almaty?
The city of Pimpri is in India.,1,Pimpri,India,India,Where is the city of Pimpri?
The city of Pimpri is in China.,0,Pimpri,China,India,Where is the city of Pimpri?
The city of Navi Mumbai is in India.,1,Navi Mumbai,India,India,Where is the city of Navi Mumbai?
The city of Navi Mumbai is in China.,0,Navi Mumbai,China,India,Where is the city of Navi Mumbai?
The city of Novosibirsk is in Russia.,1,Novosibirsk,Russia,Russia,Where is the city of Novosibirsk?
The city of Novosibirsk is in the Philippines.,0,Novosibirsk,the Philippines,Russia,Where is the city of Novosibirsk?
The city of Goeteborg is in Sweden.,1,Goeteborg,Sweden,Sweden,Where is the city of Goeteborg?
The city of Goeteborg is in South Korea.,0,Goeteborg,South Korea,Sweden,Where is the city of Goeteborg?
The city of Bursa is in Turkey.,1,Bursa,Turkey,Turkey,Where is the city of Bursa?
The city of Bursa is in Bosnia and Herzegovina.,0,Bursa,Bosnia and Herzegovina,Turkey,Where is the city of Bursa?
The city of Dar es Salaam is in Tanzania.,1,Dar es Salaam,Tanzania,Tanzania,Where is the city of Dar es Salaam?
The city of Dar es Salaam is in Italy.,0,Dar es Salaam,Italy,Tanzania,Where is the city of Dar es Salaam?
The city of Mbuji-Mayi is in the Democratic Republic of the Congo.,1,Mbuji-Mayi,the Democratic Republic of the Congo,the Democratic Republic of the Congo,Where is the city of Mbuji-Mayi?
The city of Mbuji-Mayi is in Pakistan.,0,Mbuji-Mayi,Pakistan,the Democratic Republic of the Congo,Where is the city of Mbuji-Mayi?
The city of Goiania is in Brazil.,1,Goiania,Brazil,Brazil,Where is the city of Goiania?
The city of Goiania is in China.,0,Goiania,China,Brazil,Where is the city of Goiania?
The city of Yaroslavl is in Russia.,1,Yaroslavl,Russia,Russia,Where is the city of Yaroslavl?
The city of Yaroslavl is in India.,0,Yaroslavl,India,Russia,Where is the city of Yaroslavl?
The city of Kigali is in Rwanda.,1,Kigali,Rwanda,Rwanda,Where is the city of Kigali?
The city of Kigali is in Indonesia.,0,Kigali,Indonesia,Rwanda,Where is the city of Kigali?
The city of Diyarbakir is in Turkey.,1,Diyarbakir,Turkey,Turkey,Where is the city of Diyarbakir?
The city of Diyarbakir is in Colombia.,0,Diyarbakir,Colombia,Turkey,Where is the city of Diyarbakir?
The city of Tyumen is in Russia.,1,Tyumen,Russia,Russia,Where is the city of Tyumen?
The city of Tyumen is in Mexico.,0,Tyumen,Mexico,Russia,Where is the city of Tyumen?
The city of Orenburg is in Russia.,1,Orenburg,Russia,Russia,Where is the city of Orenburg?
The city of Orenburg is in Malaysia.,0,Orenburg,Malaysia,Russia,Where is the city of Orenburg?
The city of Osaka is in Japan.,1,Osaka,Japan,Japan,Where is the city of Osaka?
The city of Osaka is in India.,0,Osaka,India,Japan,Where is the city of Osaka?
The city of Sapporo is in Japan.,1,Sapporo,Japan,Japan,Where is the city of Sapporo?
The city of Sapporo is in Mexico.,0,Sapporo,Mexico,Japan,Where is the city of Sapporo?
The city of Kimhae is in South Korea.,1,Kimhae,South Korea,South Korea,Where is the city of Kimhae?
The city of Kimhae is in Senegal.,0,Kimhae,Senegal,South Korea,Where is the city of Kimhae?
The city of Cheonan is in South Korea.,1,Cheonan,South Korea,South Korea,Where is the city of Cheonan?
The city of Cheonan is in Myanmar.,0,Cheonan,Myanmar,South Korea,Where is the city of Cheonan?
The city of San Luis Potosi is in Mexico.,1,San Luis Potosi,Mexico,Mexico,Where is the city of San Luis Potosi?
The city of San Luis Potosi is in the Democratic Republic of the Congo.,0,San Luis Potosi,the Democratic Republic of the Congo,Mexico,Where is the city of San Luis Potosi?
The city of Culiacan is in Mexico.,1,Culiacan,Mexico,Mexico,Where is the city of Culiacan?
The city of Culiacan is in China.,0,Culiacan,China,Mexico,Where is the city of Culiacan?
The city of Kaduna is in Nigeria.,1,Kaduna,Nigeria,Nigeria,Where is the city of Kaduna?
The city of Kaduna is in Turkey.,0,Kaduna,Turkey,Nigeria,Where is the city of Kaduna?
The city of General Santos is in the Philippines.,1,General Santos,the Philippines,the Philippines,Where is the city of General Santos?
The city of General Santos is in China.,0,General Santos,China,the Philippines,Where is the city of General Santos?
The city of Ebute Ikorodu is in Nigeria.,1,Ebute Ikorodu,Nigeria,Nigeria,Where is the city of Ebute Ikorodu?
The city of Ebute Ikorodu is in China.,0,Ebute Ikorodu,China,Nigeria,Where is the city of Ebute Ikorodu?
The city of Benin City is in Nigeria.,1,Benin City,Nigeria,Nigeria,Where is the city of Benin City?
The city of Benin City is in China.,0,Benin City,China,Nigeria,Where is the city of Benin City?
The city of Kanpur is in India.,1,Kanpur,India,India,Where is the city of Kanpur?
The city of Kanpur is in Brazil.,0,Kanpur,Brazil,India,Where is the city of Kanpur?
The city of Indore is in India.,1,Indore,India,India,Where is the city of Indore?
The city of Indore is in Turkey.,0,Indore,Turkey,India,Where is the city of Indore?
The city of Zunyi is in China.,1,Zunyi,China,China,Where is the city of Zunyi?
The city of Zunyi is in Senegal.,0,Zunyi,Senegal,China,Where is the city of Zunyi?
The city of Zhanjiang is in China.,1,Zhanjiang,China,China,Where is the city of Zhanjiang?
The city of Zhanjiang is in India.,0,Zhanjiang,India,China,Where is the city of Zhanjiang?
The city of Wenzhou is in China.,1,Wenzhou,China,China,Where is the city of Wenzhou?
The city of Wenzhou is in Moldova.,0,Wenzhou,Moldova,China,Where is the city of Wenzhou?
The city of Luohe is in China.,1,Luohe,China,China,Where is the city of Luohe?
The city of Luohe is in Brazil.,0,Luohe,Brazil,China,Where is the city of Luohe?
The city of Kunming is in China.,1,Kunming,China,China,Where is the city of Kunming?
The city of Kunming is in Mexico.,0,Kunming,Mexico,China,Where is the city of Kunming?
The city of Cixi is in China.,1,Cixi,China,China,Where is the city of Cixi?
The city of Cixi is in Indonesia.,0,Cixi,Indonesia,China,Where is the city of Cixi?
The city of Hanzhong is in China.,1,Hanzhong,China,China,Where is the city of Hanzhong?
The city of Hanzhong is in Iran.,0,Hanzhong,Iran,China,Where is the city of Hanzhong?
The city of Guangzhou is in China.,1,Guangzhou,China,China,Where is the city of Guangzhou?
The city of Guangzhou is in India.,0,Guangzhou,India,China,Where is the city of Guangzhou?
The city of Munich is in Germany.,1,Munich,Germany,Germany,Where is the city of Munich?
The city of Munich is in China.,0,Munich,China,Germany,Where is the city of Munich?
The city of Pekanbaru is in Indonesia.,1,Pekanbaru,Indonesia,Indonesia,Where is the city of Pekanbaru?
The city of Pekanbaru is in India.,0,Pekanbaru,India,Indonesia,Where is the city of Pekanbaru?
The city of Malang is in Indonesia.,1,Malang,Indonesia,Indonesia,Where is the city of Malang?
The city of Malang is in Morocco.,0,Malang,Morocco,Indonesia,Where is the city of Malang?
The city of Douala is in Cameroon.,1,Douala,Cameroon,Cameroon,Where is the city of Douala?
The city of Douala is in Russia.,0,Douala,Russia,Cameroon,Where is the city of Douala?
The city of Kashgar is in China.,1,Kashgar,China,China,Where is the city of Kashgar?
The city of Kashgar is in Turkey.,0,Kashgar,Turkey,China,Where is the city of Kashgar?
The city of Zibo is in China.,1,Zibo,China,China,Where is the city of Zibo?
The city of Zibo is in India.,0,Zibo,India,China,Where is the city of Zibo?
The city of Tianshui is in China.,1,Tianshui,China,China,Where is the city of Tianshui?
The city of Tianshui is in Canada.,0,Tianshui,Canada,China,Where is the city of Tianshui?
The city of Laibin is in China.,1,Laibin,China,China,Where is the city of Laibin?
The city of Laibin is in Ethiopia.,0,Laibin,Ethiopia,China,Where is the city of Laibin?
The city of Deyang is in China.,1,Deyang,China,China,Where is the city of Deyang?
The city of Deyang is in Japan.,0,Deyang,Japan,China,Where is the city of Deyang?
The city of Teresina is in Brazil.,1,Teresina,Brazil,Brazil,Where is the city of Teresina?
The city of Teresina is in Vietnam.,0,Teresina,Vietnam,Brazil,Where is the city of Teresina?
The city of Leipzig is in Germany.,1,Leipzig,Germany,Germany,Where is the city of Leipzig?
The city of Leipzig is in Russia.,0,Leipzig,Russia,Germany,Where is the city of Leipzig?
The city of Duesseldorf is in Germany.,1,Duesseldorf,Germany,Germany,Where is the city of Duesseldorf?
The city of Duesseldorf is in Mexico.,0,Duesseldorf,Mexico,Germany,Where is the city of Duesseldorf?
The city of Zagreb is in Croatia.,1,Zagreb,Croatia,Croatia,Where is the city of Zagreb?
The city of Zagreb is in Japan.,0,Zagreb,Japan,Croatia,Where is the city of Zagreb?
The city of Hannover is in Germany.,1,Hannover,Germany,Germany,Where is the city of Hannover?
The city of Hannover is in China.,0,Hannover,China,Germany,Where is the city of Hannover?
The city of Penza is in Russia.,1,Penza,Russia,Russia,Where is the city of Penza?
The city of Penza is in China.,0,Penza,China,Russia,Where is the city of Penza?
The city of Matola is in Mozambique.,1,Matola,Mozambique,Mozambique,Where is the city of Matola?
The city of Matola is in India.,0,Matola,India,Mozambique,Where is the city of Matola?
The city of Enugu is in Nigeria.,1,Enugu,Nigeria,Nigeria,Where is the city of Enugu?
The city of Enugu is in South Korea.,0,Enugu,South Korea,Nigeria,Where is the city of Enugu?
The city of Shizuoka is in Japan.,1,Shizuoka,Japan,Japan,Where is the city of Shizuoka?
The city of Shizuoka is in China.,0,Shizuoka,China,Japan,Where is the city of Shizuoka?
The city of Himeji is in Japan.,1,Himeji,Japan,Japan,Where is the city of Himeji?
The city of Himeji is in the Democratic Republic of the Congo.,0,Himeji,the Democratic Republic of the Congo,Japan,Where is the city of Himeji?
The city of Hamhung is in North Korea.,1,Hamhung,North Korea,North Korea,Where is the city of Hamhung?
The city of Hamhung is in China.,0,Hamhung,China,North Korea,Where is the city of Hamhung?
The city of Seoul is in South Korea.,1,Seoul,South Korea,South Korea,Where is the city of Seoul?
The city of Seoul is in Nicaragua.,0,Seoul,Nicaragua,South Korea,Where is the city of Seoul?
The city of Meerut is in India.,1,Meerut,India,India,Where is the city of Meerut?
The city of Meerut is in Nigeria.,0,Meerut,Nigeria,India,Where is the city of Meerut?
The city of Hubli is in India.,1,Hubli,India,India,Where is the city of Hubli?
The city of Hubli is in Indonesia.,0,Hubli,Indonesia,India,Where is the city of Hubli?
The city of Dubai is in the United Arab Emirates.,1,Dubai,the United Arab Emirates,the United Arab Emirates,Where is the city of Dubai?
The city of Dubai is in the United States.,0,Dubai,the United States,the United Arab Emirates,Where is the city of Dubai?
The city of Astrakhan is in Russia.,1,Astrakhan,Russia,Russia,Where is the city of Astrakhan?
The city of Astrakhan is in India.,0,Astrakhan,India,Russia,Where is the city of Astrakhan?
The city of Aleppo is in Syria.,1,Aleppo,Syria,Syria,Where is the city of Aleppo?
The city of Aleppo is in China.,0,Aleppo,China,Syria,Where is the city of Aleppo?
The city of Ar Raqqah is in Syria.,1,Ar Raqqah,Syria,Syria,Where is the city of Ar Raqqah?
The city of Ar Raqqah is in Iraq.,0,Ar Raqqah,Iraq,Syria,Where is the city of Ar Raqqah?
The city of Saint Petersburg is in Russia.,1,Saint Petersburg,Russia,Russia,Where is the city of Saint Petersburg?
The city of Saint Petersburg is in Canada.,0,Saint Petersburg,Canada,Russia,Where is the city of Saint Petersburg?
The city of Johannesburg is in South Africa.,1,Johannesburg,South Africa,South Africa,Where is the city of Johannesburg?
The city of Johannesburg is in China.,0,Johannesburg,China,South Africa,Where is the city of Johannesburg?
The city of Wanzhou is in China.,1,Wanzhou,China,China,Where is the city of Wanzhou?
The city of Wanzhou is in India.,0,Wanzhou,India,China,Where is the city of Wanzhou?
The city of Anyang is in China.,1,Anyang,China,China,Where is the city of Anyang?
The city of Anyang is in Kuwait.,0,Anyang,Kuwait,China,Where is the city of Anyang?
The city of Qinhuangdao is in China.,1,Qinhuangdao,China,China,Where is the city of Qinhuangdao?
The city of Qinhuangdao is in Eritrea.,0,Qinhuangdao,Eritrea,China,Where is the city of Qinhuangdao?
The city of Meizhou is in China.,1,Meizhou,China,China,Where is the city of Meizhou?
The city of Meizhou is in Russia.,0,Meizhou,Russia,China,Where is the city of Meizhou?
The city of Yangjiang is in China.,1,Yangjiang,China,China,Where is the city of Yangjiang?
The city of Yangjiang is in Indonesia.,0,Yangjiang,Indonesia,China,Where is the city of Yangjiang?
The city of Beijing is in China.,1,Beijing,China,China,Where is the city of Beijing?
The city of Beijing is in Ghana.,0,Beijing,Ghana,China,Where is the city of Beijing?
The city of Shah Alam is in Malaysia.,1,Shah Alam,Malaysia,Malaysia,Where is the city of Shah Alam?
The city of Shah Alam is in China.,0,Shah Alam,China,Malaysia,Where is the city of Shah Alam?
The city of Vadodara is in India.,1,Vadodara,India,India,Where is the city of Vadodara?
The city of Vadodara is in Russia.,0,Vadodara,Russia,India,Where is the city of Vadodara?
The city of Sangli is in India.,1,Sangli,India,India,Where is the city of Sangli?
The city of Sangli is in Japan.,0,Sangli,Japan,India,Where is the city of Sangli?
The city of Guwahati is in India.,1,Guwahati,India,India,Where is the city of Guwahati?
The city of Guwahati is in China.,0,Guwahati,China,India,Where is the city of Guwahati?
The city of Prayagraj is in India.,1,Prayagraj,India,India,Where is the city of Prayagraj?
The city of Prayagraj is in Kenya.,0,Prayagraj,Kenya,India,Where is the city of Prayagraj?
The city of Aligarh is in India.,1,Aligarh,India,India,Where is the city of Aligarh?
The city of Aligarh is in China.,0,Aligarh,China,India,Where is the city of Aligarh?
The city of Kermanshah is in Iran.,1,Kermanshah,Iran,Iran,Where is the city of Kermanshah?
The city of Kermanshah is in China.,0,Kermanshah,China,Iran,Where is the city of Kermanshah?
The city of Semarang is in Indonesia.,1,Semarang,Indonesia,Indonesia,Where is the city of Semarang?
The city of Semarang is in Saudi Arabia.,0,Semarang,Saudi Arabia,Indonesia,Where is the city of Semarang?
The city of Khulna is in Bangladesh.,1,Khulna,Bangladesh,Bangladesh,Where is the city of Khulna?
The city of Khulna is in Japan.,0,Khulna,Japan,Bangladesh,Where is the city of Khulna?
The city of Korla is in China.,1,Korla,China,China,Where is the city of Korla?
The city of Korla is in Azerbaijan.,0,Korla,Azerbaijan,China,Where is the city of Korla?
The city of Zaozhuang is in China.,1,Zaozhuang,China,China,Where is the city of Zaozhuang?
The city of Zaozhuang is in Belarus.,0,Zaozhuang,Belarus,China,Where is the city of Zaozhuang?
The city of Xiamen is in China.,1,Xiamen,China,China,Where is the city of Xiamen?
The city of Xiamen is in Pakistan.,0,Xiamen,Pakistan,China,Where is the city of Xiamen?
The city of Shenzhen is in China.,1,Shenzhen,China,China,Where is the city of Shenzhen?
The city of Shenzhen is in Mexico.,0,Shenzhen,Mexico,China,Where is the city of Shenzhen?
The city of Maoming is in China.,1,Maoming,China,China,Where is the city of Maoming?
The city of Maoming is in Brazil.,0,Maoming,Brazil,China,Where is the city of Maoming?
The city of Anshun is in China.,1,Anshun,China,China,Where is the city of Anshun?
The city of Anshun is in Brazil.,0,Anshun,Brazil,China,Where is the city of Anshun?
The city of Siping is in China.,1,Siping,China,China,Where is the city of Siping?
The city of Siping is in Iraq.,0,Siping,Iraq,China,Where is the city of Siping?
The city of Shuangyashan is in China.,1,Shuangyashan,China,China,Where is the city of Shuangyashan?
The city of Shuangyashan is in India.,0,Shuangyashan,India,China,Where is the city of Shuangyashan?
The city of Jiamusi is in China.,1,Jiamusi,China,China,Where is the city of Jiamusi?
The city of Jiamusi is in Germany.,0,Jiamusi,Germany,China,Where is the city of Jiamusi?
The city of Minsk is in Belarus.,1,Minsk,Belarus,Belarus,Where is the city of Minsk?
The city of Minsk is in South Korea.,0,Minsk,South Korea,Belarus,Where is the city of Minsk?
The city of Lubumbashi is in the Democratic Republic of the Congo.,1,Lubumbashi,the Democratic Republic of the Congo,the Democratic Republic of the Congo,Where is the city of Lubumbashi?
The city of Lubumbashi is in India.,0,Lubumbashi,India,the Democratic Republic of the Congo,Where is the city of Lubumbashi?
The city of San Miguel de Tucuman is in Argentina.,1,San Miguel de Tucuman,Argentina,Argentina,Where is the city of San Miguel de Tucuman?
The city of San Miguel de Tucuman is in China.,0,San Miguel de Tucuman,China,Argentina,Where is the city of San Miguel de Tucuman?
The city of Cotonou is in Benin.,1,Cotonou,Benin,Benin,Where is the city of Cotonou?
The city of Cotonou is in China.,0,Cotonou,China,Benin,Where is the city of Cotonou?
The city of Comilla is in Bangladesh.,1,Comilla,Bangladesh,Bangladesh,Where is the city of Comilla?
The city of Comilla is in China.,0,Comilla,China,Bangladesh,Where is the city of Comilla?
The city of Sao Bernardo do Campo is in Brazil.,1,Sao Bernardo do Campo,Brazil,Brazil,Where is the city of Sao Bernardo do Campo?
The city of Sao Bernardo do Campo is in Zambia.,0,Sao Bernardo do Campo,Zambia,Brazil,Where is the city of Sao Bernardo do Campo?
The city of Feira de Santana is in Brazil.,1,Feira de Santana,Brazil,Brazil,Where is the city of Feira de Santana?
The city of Feira de Santana is in China.,0,Feira de Santana,China,Brazil,Where is the city of Feira de Santana?
The city of Porto Alegre is in Brazil.,1,Porto Alegre,Brazil,Brazil,Where is the city of Porto Alegre?
The city of Porto Alegre is in Belarus.,0,Porto Alegre,Belarus,Brazil,Where is the city of Porto Alegre?
The city of Juiz de Fora is in Brazil.,1,Juiz de Fora,Brazil,Brazil,Where is the city of Juiz de Fora?
The city of Juiz de Fora is in India.,0,Juiz de Fora,India,Brazil,Where is the city of Juiz de Fora?
The city of Nagoya is in Japan.,1,Nagoya,Japan,Japan,Where is the city of Nagoya?
The city of Nagoya is in China.,0,Nagoya,China,Japan,Where is the city of Nagoya?
The city of Al Ahmadi is in Kuwait.,1,Al Ahmadi,Kuwait,Kuwait,Where is the city of Al Ahmadi?
The city of Al Ahmadi is in Japan.,0,Al Ahmadi,Japan,Kuwait,Where is the city of Al Ahmadi?
The city of Beirut is in Lebanon.,1,Beirut,Lebanon,Lebanon,Where is the city of Beirut?
The city of Beirut is in Algeria.,0,Beirut,Algeria,Lebanon,Where is the city of Beirut?
The city of Lilongwe is in Malawi.,1,Lilongwe,Malawi,Malawi,Where is the city of Lilongwe?
The city of Lilongwe is in Turkey.,0,Lilongwe,Turkey,Malawi,Where is the city of Lilongwe?
The city of Ecatepec de Morelos is in Mexico.,1,Ecatepec de Morelos,Mexico,Mexico,Where is the city of Ecatepec de Morelos?
The city of Ecatepec de Morelos is in India.,0,Ecatepec de Morelos,India,Mexico,Where is the city of Ecatepec de Morelos?
The city of Cancun is in Mexico.,1,Cancun,Mexico,Mexico,Where is the city of Cancun?
The city of Cancun is in Myanmar.,0,Cancun,Myanmar,Mexico,Where is the city of Cancun?
The city of Isfahan is in Iran.,1,Isfahan,Iran,Iran,Where is the city of Isfahan?
The city of Isfahan is in China.,0,Isfahan,China,Iran,Where is the city of Isfahan?
The city of Conakry is in Guinea.,1,Conakry,Guinea,Guinea,Where is the city of Conakry?
The city of Conakry is in Belarus.,0,Conakry,Belarus,Guinea,Where is the city of Conakry?
The city of Petaling Jaya is in Malaysia.,1,Petaling Jaya,Malaysia,Malaysia,Where is the city of Petaling Jaya?
The city of Petaling Jaya is in Bosnia and Herzegovina.,0,Petaling Jaya,Bosnia and Herzegovina,Malaysia,Where is the city of Petaling Jaya?
The city of Zaria is in Nigeria.,1,Zaria,Nigeria,Nigeria,Where is the city of Zaria?
The city of Zaria is in India.,0,Zaria,India,Nigeria,Where is the city of Zaria?
The city of Cimahi is in Indonesia.,1,Cimahi,Indonesia,Indonesia,Where is the city of Cimahi?
The city of Cimahi is in Germany.,0,Cimahi,Germany,Indonesia,Where is the city of Cimahi?
The city of Arequipa is in Peru.,1,Arequipa,Peru,Peru,Where is the city of Arequipa?
The city of Arequipa is in India.,0,Arequipa,India,Peru,Where is the city of Arequipa?
The city of Multan is in Pakistan.,1,Multan,Pakistan,Pakistan,Where is the city of Multan?
The city of Multan is in Ecuador.,0,Multan,Ecuador,Pakistan,Where is the city of Multan?
The city of Bahcelievler is in Turkey.,1,Bahcelievler,Turkey,Turkey,Where is the city of Bahcelievler?
The city of Bahcelievler is in Germany.,0,Bahcelievler,Germany,Turkey,Where is the city of Bahcelievler?
The city of Saratov is in Russia.,1,Saratov,Russia,Russia,Where is the city of Saratov?
The city of Saratov is in Indonesia.,0,Saratov,Indonesia,Russia,Where is the city of Saratov?
The city of Kharkiv is in Ukraine.,1,Kharkiv,Ukraine,Ukraine,Where is the city of Kharkiv?
The city of Kharkiv is in Moldova.,0,Kharkiv,Moldova,Ukraine,Where is the city of Kharkiv?
The city of Malatya is in Turkey.,1,Malatya,Turkey,Turkey,Where is the city of Malatya?
The city of Malatya is in Russia.,0,Malatya,Russia,Turkey,Where is the city of Malatya?
The city of Lviv is in Ukraine.,1,Lviv,Ukraine,Ukraine,Where is the city of Lviv?
The city of Lviv is in China.,0,Lviv,China,Ukraine,Where is the city of Lviv?
The city of Kyiv is in Ukraine.,1,Kyiv,Ukraine,Ukraine,Where is the city of Kyiv?
The city of Kyiv is in Russia.,0,Kyiv,Russia,Ukraine,Where is the city of Kyiv?
The city of Kitakyushu is in Japan.,1,Kitakyushu,Japan,Japan,Where is the city of Kitakyushu?
The city of Kitakyushu is in Yemen.,0,Kitakyushu,Yemen,Japan,Where is the city of Kitakyushu?
The city of Onitsha is in Nigeria.,1,Onitsha,Nigeria,Nigeria,Where is the city of Onitsha?
The city of Onitsha is in China.,0,Onitsha,China,Nigeria,Where is the city of Onitsha?
The city of Anyang-si is in South Korea.,1,Anyang-si,South Korea,South Korea,Where is the city of Anyang-si?
The city of Anyang-si is in Iraq.,0,Anyang-si,Iraq,South Korea,Where is the city of Anyang-si?
The city of Kobe is in Japan.,1,Kobe,Japan,Japan,Where is the city of Kobe?
The city of Kobe is in China.,0,Kobe,China,Japan,Where is the city of Kobe?
The city of Chiclayo is in Peru.,1,Chiclayo,Peru,Peru,Where is the city of Chiclayo?
The city of Chiclayo is in Venezuela.,0,Chiclayo,Venezuela,Peru,Where is the city of Chiclayo?
The city of Phnom Penh is in Cambodia.,1,Phnom Penh,Cambodia,Cambodia,Where is the city of Phnom Penh?
The city of Phnom Penh is in Senegal.,0,Phnom Penh,Senegal,Cambodia,Where is the city of Phnom Penh?
The city of Nouakchott is in Mauritania.,1,Nouakchott,Mauritania,Mauritania,Where is the city of Nouakchott?
The city of Nouakchott is in China.,0,Nouakchott,China,Mauritania,Where is the city of Nouakchott?
The city of Vijayawada is in India.,1,Vijayawada,India,India,Where is the city of Vijayawada?
The city of Vijayawada is in Nigeria.,0,Vijayawada,Nigeria,India,Where is the city of Vijayawada?
The city of Theni is in India.,1,Theni,India,India,Where is the city of Theni?
The city of Theni is in Nigeria.,0,Theni,Nigeria,India,Where is the city of Theni?
The city of Narela is in India.,1,Narela,India,India,Where is the city of Narela?
The city of Narela is in Turkey.,0,Narela,Turkey,India,Where is the city of Narela?
The city of Quetta is in Pakistan.,1,Quetta,Pakistan,Pakistan,Where is the city of Quetta?
The city of Quetta is in Kenya.,0,Quetta,Kenya,Pakistan,Where is the city of Quetta?
The city of Chennai is in India.,1,Chennai,India,India,Where is the city of Chennai?
The city of Chennai is in China.,0,Chennai,China,India,Where is the city of Chennai?
The city of Changshu is in China.,1,Changshu,China,China,Where is the city of Changshu?
The city of Changshu is in the Philippines.,0,Changshu,the Philippines,China,Where is the city of Changshu?
The city of Tehran is in Iran.,1,Tehran,Iran,Iran,Where is the city of Tehran?
The city of Tehran is in Niger.,0,Tehran,Niger,Iran,Where is the city of Tehran?
The city of Bayannur is in China.,1,Bayannur,China,China,Where is the city of Bayannur?
The city of Bayannur is in Russia.,0,Bayannur,Russia,China,Where is the city of Bayannur?
The city of Barranquilla is in Colombia.,1,Barranquilla,Colombia,Colombia,Where is the city of Barranquilla?
The city of Barranquilla is in Pakistan.,0,Barranquilla,Pakistan,Colombia,Where is the city of Barranquilla?
The city of Budapest is in Hungary.,1,Budapest,Hungary,Hungary,Where is the city of Budapest?
The city of Budapest is in Iraq.,0,Budapest,Iraq,Hungary,Where is the city of Budapest?
The city of Pontianak is in Indonesia.,1,Pontianak,Indonesia,Indonesia,Where is the city of Pontianak?
The city of Pontianak is in India.,0,Pontianak,India,Indonesia,Where is the city of Pontianak?
The city of Recife is in Brazil.,1,Recife,Brazil,Brazil,Where is the city of Recife?
The city of Recife is in North Korea.,0,Recife,North Korea,Brazil,Where is the city of Recife?
The city of Contagem is in Brazil.,1,Contagem,Brazil,Brazil,Where is the city of Contagem?
The city of Contagem is in Indonesia.,0,Contagem,Indonesia,Brazil,Where is the city of Contagem?
The city of Port Said is in Egypt.,1,Port Said,Egypt,Egypt,Where is the city of Port Said?
The city of Port Said is in China.,0,Port Said,China,Egypt,Where is the city of Port Said?
The city of Asyut is in Egypt.,1,Asyut,Egypt,Egypt,Where is the city of Asyut?
The city of Asyut is in Japan.,0,Asyut,Japan,Egypt,Where is the city of Asyut?
The city of Ziyang is in China.,1,Ziyang,China,China,Where is the city of Ziyang?
The city of Ziyang is in Belgium.,0,Ziyang,Belgium,China,Where is the city of Ziyang?
The city of Yinchuan is in China.,1,Yinchuan,China,China,Where is the city of Yinchuan?
The city of Yinchuan is in Bangladesh.,0,Yinchuan,Bangladesh,China,Where is the city of Yinchuan?
The city of Zhangjiagang is in China.,1,Zhangjiagang,China,China,Where is the city of Zhangjiagang?
The city of Zhangjiagang is in Brazil.,0,Zhangjiagang,Brazil,China,Where is the city of Zhangjiagang?
The city of Shanghai is in China.,1,Shanghai,China,China,Where is the city of Shanghai?
The city of Shanghai is in Mexico.,0,Shanghai,Mexico,China,Where is the city of Shanghai?
The city of Jieyang is in China.,1,Jieyang,China,China,Where is the city of Jieyang?
The city of Jieyang is in the Philippines.,0,Jieyang,the Philippines,China,Where is the city of Jieyang?
The city of Longyan is in China.,1,Longyan,China,China,Where is the city of Longyan?
The city of Longyan is in Benin.,0,Longyan,Benin,China,Where is the city of Longyan?
The city of Dandong is in China.,1,Dandong,China,China,Where is the city of Dandong?
The city of Dandong is in Niger.,0,Dandong,Niger,China,Where is the city of Dandong?
The city of Frankfurt am Main is in Germany.,1,Frankfurt am Main,Germany,Germany,Where is the city of Frankfurt am Main?
The city of Frankfurt am Main is in Vietnam.,0,Frankfurt am Main,Vietnam,Germany,Where is the city of Frankfurt am Main?
The city of Lusaka is in Zambia.,1,Lusaka,Zambia,Zambia,Where is the city of Lusaka?
The city of Lusaka is in Poland.,0,Lusaka,Poland,Zambia,Where is the city of Lusaka?
The city of Aden is in Yemen.,1,Aden,Yemen,Yemen,Where is the city of Aden?
The city of Aden is in Japan.,0,Aden,Japan,Yemen,Where is the city of Aden?
The city of Jaboatao is in Brazil.,1,Jaboatao,Brazil,Brazil,Where is the city of Jaboatao?
The city of Jaboatao is in Syria.,0,Jaboatao,Syria,Brazil,Where is the city of Jaboatao?
The city of Aracaju is in Brazil.,1,Aracaju,Brazil,Brazil,Where is the city of Aracaju?
The city of Aracaju is in Russia.,0,Aracaju,Russia,Brazil,Where is the city of Aracaju?
The city of Londrina is in Brazil.,1,Londrina,Brazil,Brazil,Where is the city of Londrina?
The city of Londrina is in India.,0,Londrina,India,Brazil,Where is the city of Londrina?
The city of Zigong is in China.,1,Zigong,China,China,Where is the city of Zigong?
The city of Zigong is in Turkey.,0,Zigong,Turkey,China,Where is the city of Zigong?
The city of Kunshan is in China.,1,Kunshan,China,China,Where is the city of Kunshan?
The city of Kunshan is in Russia.,0,Kunshan,Russia,China,Where is the city of Kunshan?
The city of Yichang is in China.,1,Yichang,China,China,Where is the city of Yichang?
The city of Yichang is in Japan.,0,Yichang,Japan,China,Where is the city of Yichang?
The city of Sanming is in China.,1,Sanming,China,China,Where is the city of Sanming?
The city of Sanming is in Bulgaria.,0,Sanming,Bulgaria,China,Where is the city of Sanming?
The city of Guang'an is in China.,1,Guang'an,China,China,Where is the city of Guang'an?
The city of Guang'an is in Germany.,0,Guang'an,Germany,China,Where is the city of Guang'an?
The city of Ma'anshan is in China.,1,Ma'anshan,China,China,Where is the city of Ma'anshan?
The city of Ma'anshan is in India.,0,Ma'anshan,India,China,Where is the city of Ma'anshan?
The city of Dongying is in China.,1,Dongying,China,China,Where is the city of Dongying?
The city of Dongying is in India.,0,Dongying,India,China,Where is the city of Dongying?
The city of Fushun is in China.,1,Fushun,China,China,Where is the city of Fushun?
The city of Fushun is in Mexico.,0,Fushun,Mexico,China,Where is the city of Fushun?
The city of Rajshahi is in Bangladesh.,1,Rajshahi,Bangladesh,Bangladesh,Where is the city of Rajshahi?
The city of Rajshahi is in Russia.,0,Rajshahi,Russia,Bangladesh,Where is the city of Rajshahi?
The city of Rangpur is in Bangladesh.,1,Rangpur,Bangladesh,Bangladesh,Where is the city of Rangpur?
The city of Rangpur is in Russia.,0,Rangpur,Russia,Bangladesh,Where is the city of Rangpur?
The city of Dortmund is in Germany.,1,Dortmund,Germany,Germany,Where is the city of Dortmund?
The city of Dortmund is in India.,0,Dortmund,India,Germany,Where is the city of Dortmund?
The city of Detroit is in the United States.,1,Detroit,the United States,the United States,Where is the city of Detroit?
The city of Detroit is in China.,0,Detroit,China,the United States,Where is the city of Detroit?
The city of Latakia is in Syria.,1,Latakia,Syria,Syria,Where is the city of Latakia?
The city of Latakia is in Somalia.,0,Latakia,Somalia,Syria,Where is the city of Latakia?
The city of Ashgabat is in Turkmenistan.,1,Ashgabat,Turkmenistan,Turkmenistan,Where is the city of Ashgabat?
The city of Ashgabat is in Bangladesh.,0,Ashgabat,Bangladesh,Turkmenistan,Where is the city of Ashgabat?
The city of Maracaibo is in Venezuela.,1,Maracaibo,Venezuela,Venezuela,Where is the city of Maracaibo?
The city of Maracaibo is in Russia.,0,Maracaibo,Russia,Venezuela,Where is the city of Maracaibo?
The city of Erode is in India.,1,Erode,India,India,Where is the city of Erode?
The city of Erode is in China.,0,Erode,China,India,Where is the city of Erode?
The city of Mumbai is in India.,1,Mumbai,India,India,Where is the city of Mumbai?
The city of Mumbai is in China.,0,Mumbai,China,India,Where is the city of Mumbai?
The city of Nasiriyah is in Iraq.,1,Nasiriyah,Iraq,Iraq,Where is the city of Nasiriyah?
The city of Nasiriyah is in Rwanda.,0,Nasiriyah,Rwanda,Iraq,Where is the city of Nasiriyah?
The city of Kahriz is in Iran.,1,Kahriz,Iran,Iran,Where is the city of Kahriz?
The city of Kahriz is in Uzbekistan.,0,Kahriz,Uzbekistan,Iran,Where is the city of Kahriz?
The city of Surakarta is in Indonesia.,1,Surakarta,Indonesia,Indonesia,Where is the city of Surakarta?
The city of Surakarta is in India.,0,Surakarta,India,Indonesia,Where is the city of Surakarta?
The city of Banjarmasin is in Indonesia.,1,Banjarmasin,Indonesia,Indonesia,Where is the city of Banjarmasin?
The city of Banjarmasin is in South Korea.,0,Banjarmasin,South Korea,Indonesia,Where is the city of Banjarmasin?
The city of Vladivostok is in Russia.,1,Vladivostok,Russia,Russia,Where is the city of Vladivostok?
The city of Vladivostok is in Romania.,0,Vladivostok,Romania,Russia,Where is the city of Vladivostok?
The city of Adana is in Turkey.,1,Adana,Turkey,Turkey,Where is the city of Adana?
The city of Adana is in Togo.,0,Adana,Togo,Turkey,Where is the city of Adana?
The city of Voronezh is in Russia.,1,Voronezh,Russia,Russia,Where is the city of Voronezh?
The city of Voronezh is in Romania.,0,Voronezh,Romania,Russia,Where is the city of Voronezh?
The city of Namangan is in Uzbekistan.,1,Namangan,Uzbekistan,Uzbekistan,Where is the city of Namangan?
The city of Namangan is in India.,0,Namangan,India,Uzbekistan,Where is the city of Namangan?
The city of Ordos is in China.,1,Ordos,China,China,Where is the city of Ordos?
The city of Ordos is in Brazil.,0,Ordos,Brazil,China,Where is the city of Ordos?
The city of Moradabad is in India.,1,Moradabad,India,India,Where is the city of Moradabad?
The city of Moradabad is in China.,0,Moradabad,China,India,Where is the city of Moradabad?
The city of Bengaluru is in India.,1,Bengaluru,India,India,Where is the city of Bengaluru?
The city of Bengaluru is in China.,0,Bengaluru,China,India,Where is the city of Bengaluru?
The city of Shivaji Nagar is in India.,1,Shivaji Nagar,India,India,Where is the city of Shivaji Nagar?
The city of Shivaji Nagar is in China.,0,Shivaji Nagar,China,India,Where is the city of Shivaji Nagar?
The city of Turin is in Italy.,1,Turin,Italy,Italy,Where is the city of Turin?
The city of Turin is in China.,0,Turin,China,Italy,Where is the city of Turin?
The city of Okayama is in Japan.,1,Okayama,Japan,Japan,Where is the city of Okayama?
The city of Okayama is in Russia.,0,Okayama,Russia,Japan,Where is the city of Okayama?
The city of Daejeon is in South Korea.,1,Daejeon,South Korea,South Korea,Where is the city of Daejeon?
The city of Daejeon is in India.,0,Daejeon,India,South Korea,Where is the city of Daejeon?
The city of Battagram is in Pakistan.,1,Battagram,Pakistan,Pakistan,Where is the city of Battagram?
The city of Battagram is in Tanzania.,0,Battagram,Tanzania,Pakistan,Where is the city of Battagram?
The city of Yaounde is in Cameroon.,1,Yaounde,Cameroon,Cameroon,Where is the city of Yaounde?
The city of Yaounde is in China.,0,Yaounde,China,Cameroon,Where is the city of Yaounde?
The city of Zhangzhou is in China.,1,Zhangzhou,China,China,Where is the city of Zhangzhou?
The city of Zhangzhou is in Nicaragua.,0,Zhangzhou,Nicaragua,China,Where is the city of Zhangzhou?
The city of Yangquan is in China.,1,Yangquan,China,China,Where is the city of Yangquan?
The city of Yangquan is in Hungary.,0,Yangquan,Hungary,China,Where is the city of Yangquan?
The city of Sanya is in China.,1,Sanya,China,China,Where is the city of Sanya?
The city of Sanya is in India.,0,Sanya,India,China,Where is the city of Sanya?
The city of Foshan is in China.,1,Foshan,China,China,Where is the city of Foshan?
The city of Foshan is in Mozambique.,0,Foshan,Mozambique,China,Where is the city of Foshan?
The city of Sharjah is in the United Arab Emirates.,1,Sharjah,the United Arab Emirates,the United Arab Emirates,Where is the city of Sharjah?
The city of Sharjah is in China.,0,Sharjah,China,the United Arab Emirates,Where is the city of Sharjah?
The city of Al Ain City is in the United Arab Emirates.,1,Al Ain City,the United Arab Emirates,the United Arab Emirates,Where is the city of Al Ain City?
The city of Al Ain City is in India.,0,Al Ain City,India,the United Arab Emirates,Where is the city of Al Ain City?
The city of Kalininskiy is in Russia.,1,Kalininskiy,Russia,Russia,Where is the city of Kalininskiy?
The city of Kalininskiy is in Japan.,0,Kalininskiy,Japan,Russia,Where is the city of Kalininskiy?
The city of Mersin is in Turkey.,1,Mersin,Turkey,Turkey,Where is the city of Mersin?
The city of Mersin is in the United States.,0,Mersin,the United States,Turkey,Where is the city of Mersin?
The city of Guayaquil is in Ecuador.,1,Guayaquil,Ecuador,Ecuador,Where is the city of Guayaquil?
The city of Guayaquil is in China.,0,Guayaquil,China,Ecuador,Where is the city of Guayaquil?
The city of Tegucigalpa is in Honduras.,1,Tegucigalpa,Honduras,Honduras,Where is the city of Tegucigalpa?
The city of Tegucigalpa is in China.,0,Tegucigalpa,China,Honduras,Where is the city of Tegucigalpa?
The city of Koeln is in Germany.,1,Koeln,Germany,Germany,Where is the city of Koeln?
The city of Koeln is in Nigeria.,0,Koeln,Nigeria,Germany,Where is the city of Koeln?
The city of Nuernberg is in Germany.,1,Nuernberg,Germany,Germany,Where is the city of Nuernberg?
The city of Nuernberg is in China.,0,Nuernberg,China,Germany,Where is the city of Nuernberg?
The city of Zarqa is in Jordan.,1,Zarqa,Jordan,Jordan,Where is the city of Zarqa?
The city of Zarqa is in India.,0,Zarqa,India,Jordan,Where is the city of Zarqa?
The city of Riga is in Latvia.,1,Riga,Latvia,Latvia,Where is the city of Riga?
The city of Riga is in Japan.,0,Riga,Japan,Latvia,Where is the city of Riga?
The city of Nanded is in India.,1,Nanded,India,India,Where is the city of Nanded?
The city of Nanded is in China.,0,Nanded,China,India,Where is the city of Nanded?
The city of Gwalior is in India.,1,Gwalior,India,India,Where is the city of Gwalior?
The city of Gwalior is in China.,0,Gwalior,China,India,Where is the city of Gwalior?
The city of Dombivli is in India.,1,Dombivli,India,India,Where is the city of Dombivli?
The city of Dombivli is in Mali.,0,Dombivli,Mali,India,Where is the city of Dombivli?
The city of Kallakurichi is in India.,1,Kallakurichi,India,India,Where is the city of Kallakurichi?
The city of Kallakurichi is in Iraq.,0,Kallakurichi,Iraq,India,Where is the city of Kallakurichi?
The city of Bekasi is in Indonesia.,1,Bekasi,Indonesia,Indonesia,Where is the city of Bekasi?
The city of Bekasi is in China.,0,Bekasi,China,Indonesia,Where is the city of Bekasi?
The city of Johor Bahru is in Malaysia.,1,Johor Bahru,Malaysia,Malaysia,Where is the city of Johor Bahru?
The city of Johor Bahru is in Cuba.,0,Johor Bahru,Cuba,Malaysia,Where is the city of Johor Bahru?
The city of Santa Maria Chimalhuacan is in Mexico.,1,Santa Maria Chimalhuacan,Mexico,Mexico,Where is the city of Santa Maria Chimalhuacan?
The city of Santa Maria Chimalhuacan is in Saudi Arabia.,0,Santa Maria Chimalhuacan,Saudi Arabia,Mexico,Where is the city of Santa Maria Chimalhuacan?
The city of Urumqi is in China.,1,Urumqi,China,China,Where is the city of Urumqi?
The city of Urumqi is in Vietnam.,0,Urumqi,Vietnam,China,Where is the city of Urumqi?
The city of Qingdao is in China.,1,Qingdao,China,China,Where is the city of Qingdao?
The city of Qingdao is in India.,0,Qingdao,India,China,Where is the city of Qingdao?
The city of Sofia is in Bulgaria.,1,Sofia,Bulgaria,Bulgaria,Where is the city of Sofia?
The city of Sofia is in South Korea.,0,Sofia,South Korea,Bulgaria,Where is the city of Sofia?
The city of Nova Iguacu is in Brazil.,1,Nova Iguacu,Brazil,Brazil,Where is the city of Nova Iguacu?
The city of Nova Iguacu is in India.,0,Nova Iguacu,India,Brazil,Where is the city of Nova Iguacu?
The city of Abeokuta is in Nigeria.,1,Abeokuta,Nigeria,Nigeria,Where is the city of Abeokuta?
The city of Abeokuta is in Mozambique.,0,Abeokuta,Mozambique,Nigeria,Where is the city of Abeokuta?
The city of Amman is in Jordan.,1,Amman,Jordan,Jordan,Where is the city of Amman?
The city of Amman is in Malaysia.,0,Amman,Malaysia,Jordan,Where is the city of Amman?
The city of Hachioji is in Japan.,1,Hachioji,Japan,Japan,Where is the city of Hachioji?
The city of Hachioji is in Mexico.,0,Hachioji,Mexico,Japan,Where is the city of Hachioji?
The city of Fukuoka is in Japan.,1,Fukuoka,Japan,Japan,Where is the city of Fukuoka?
The city of Fukuoka is in Senegal.,0,Fukuoka,Senegal,Japan,Where is the city of Fukuoka?
The city of Goyang-si is in South Korea.,1,Goyang-si,South Korea,South Korea,Where is the city of Goyang-si?
The city of Goyang-si is in Russia.,0,Goyang-si,Russia,South Korea,Where is the city of Goyang-si?
The city of Meknes is in Morocco.,1,Meknes,Morocco,Morocco,Where is the city of Meknes?
The city of Meknes is in China.,0,Meknes,China,Morocco,Where is the city of Meknes?
The city of Antananarivo is in Madagascar.,1,Antananarivo,Madagascar,Madagascar,Where is the city of Antananarivo?
The city of Antananarivo is in Germany.,0,Antananarivo,Germany,Madagascar,Where is the city of Antananarivo?
The city of Kalyan is in India.,1,Kalyan,India,India,Where is the city of Kalyan?
The city of Kalyan is in South Korea.,0,Kalyan,South Korea,India,Where is the city of Kalyan?
The city of Jaipur is in India.,1,Jaipur,India,India,Where is the city of Jaipur?
The city of Jaipur is in China.,0,Jaipur,China,India,Where is the city of Jaipur?
The city of Guntur is in India.,1,Guntur,India,India,Where is the city of Guntur?
The city of Guntur is in China.,0,Guntur,China,India,Where is the city of Guntur?
The city of Bhilai is in India.,1,Bhilai,India,India,Where is the city of Bhilai?
The city of Bhilai is in Venezuela.,0,Bhilai,Venezuela,India,Where is the city of Bhilai?
The city of Bhavnagar is in India.,1,Bhavnagar,India,India,Where is the city of Bhavnagar?
The city of Bhavnagar is in Japan.,0,Bhavnagar,Japan,India,Where is the city of Bhavnagar?
The city of Amravati is in India.,1,Amravati,India,India,Where is the city of Amravati?
The city of Amravati is in China.,0,Amravati,China,India,Where is the city of Amravati?
The city of Shiraz is in Iran.,1,Shiraz,Iran,Iran,Where is the city of Shiraz?
The city of Shiraz is in China.,0,Shiraz,China,Iran,Where is the city of Shiraz?
The city of Lome is in Togo.,1,Lome,Togo,Togo,Where is the city of Lome?
The city of Lome is in Yemen.,0,Lome,Yemen,Togo,Where is the city of Lome?
The city of Erzurum is in Turkey.,1,Erzurum,Turkey,Turkey,Where is the city of Erzurum?
The city of Erzurum is in the Democratic Republic of the Congo.,0,Erzurum,the Democratic Republic of the Congo,Turkey,Where is the city of Erzurum?
The city of Seattle is in the United States.,1,Seattle,the United States,the United States,Where is the city of Seattle?
The city of Seattle is in Yemen.,0,Seattle,Yemen,the United States,Where is the city of Seattle?
The city of Barquisimeto is in Venezuela.,1,Barquisimeto,Venezuela,Venezuela,Where is the city of Barquisimeto?
The city of Barquisimeto is in Poland.,0,Barquisimeto,Poland,Venezuela,Where is the city of Barquisimeto?
The city of Kryvyy Rih is in Ukraine.,1,Kryvyy Rih,Ukraine,Ukraine,Where is the city of Kryvyy Rih?
The city of Kryvyy Rih is in China.,0,Kryvyy Rih,China,Ukraine,Where is the city of Kryvyy Rih?
The city of Krasnoyarsk is in Russia.,1,Krasnoyarsk,Russia,Russia,Where is the city of Krasnoyarsk?
The city of Krasnoyarsk is in India.,0,Krasnoyarsk,India,Russia,Where is the city of Krasnoyarsk?
The city of Quzhou is in China.,1,Quzhou,China,China,Where is the city of Quzhou?
The city of Quzhou is in Vietnam.,0,Quzhou,Vietnam,China,Where is the city of Quzhou?
The city of Pingliang is in China.,1,Pingliang,China,China,Where is the city of Pingliang?
The city of Pingliang is in Tanzania.,0,Pingliang,Tanzania,China,Where is the city of Pingliang?
The city of Puning is in China.,1,Puning,China,China,Where is the city of Puning?
The city of Puning is in India.,0,Puning,India,China,Where is the city of Puning?
The city of Huzhou is in China.,1,Huzhou,China,China,Where is the city of Huzhou?
The city of Huzhou is in Germany.,0,Huzhou,Germany,China,Where is the city of Huzhou?
The city of Chizhou is in China.,1,Chizhou,China,China,Where is the city of Chizhou?
The city of Chizhou is in the Republic of the Congo.,0,Chizhou,the Republic of the Congo,China,Where is the city of Chizhou?
The city of Chengdu is in China.,1,Chengdu,China,China,Where is the city of Chengdu?
The city of Chengdu is in South Korea.,0,Chengdu,South Korea,China,Where is the city of Chengdu?
The city of Cangzhou is in China.,1,Cangzhou,China,China,Where is the city of Cangzhou?
The city of Cangzhou is in Germany.,0,Cangzhou,Germany,China,Where is the city of Cangzhou?
The city of Samarinda is in Indonesia.,1,Samarinda,Indonesia,Indonesia,Where is the city of Samarinda?
The city of Samarinda is in Iraq.,0,Samarinda,Iraq,Indonesia,Where is the city of Samarinda?
The city of Helsinki is in Finland.,1,Helsinki,Finland,Finland,Where is the city of Helsinki?
The city of Helsinki is in Pakistan.,0,Helsinki,Pakistan,Finland,Where is the city of Helsinki?
The city of Khabarovsk Vtoroy is in Russia.,1,Khabarovsk Vtoroy,Russia,Russia,Where is the city of Khabarovsk Vtoroy?
The city of Khabarovsk Vtoroy is in China.,0,Khabarovsk Vtoroy,China,Russia,Where is the city of Khabarovsk Vtoroy?
The city of Wroclaw is in Poland.,1,Wroclaw,Poland,Poland,Where is the city of Wroclaw?
The city of Wroclaw is in Mexico.,0,Wroclaw,Mexico,Poland,Where is the city of Wroclaw?
The city of Oslo is in Norway.,1,Oslo,Norway,Norway,Where is the city of Oslo?
The city of Oslo is in Venezuela.,0,Oslo,Venezuela,Norway,Where is the city of Oslo?
The city of Caloocan City is in the Philippines.,1,Caloocan City,the Philippines,the Philippines,Where is the city of Caloocan City?
The city of Caloocan City is in China.,0,Caloocan City,China,the Philippines,Where is the city of Caloocan City?
The city of Ryazan' is in Russia.,1,Ryazan',Russia,Russia,Where is the city of Ryazan'?
The city of Ryazan' is in South Korea.,0,Ryazan',South Korea,Russia,Where is the city of Ryazan'?
The city of Ciudad Guayana is in Venezuela.,1,Ciudad Guayana,Venezuela,Venezuela,Where is the city of Ciudad Guayana?
The city of Ciudad Guayana is in South Africa.,0,Ciudad Guayana,South Africa,Venezuela,Where is the city of Ciudad Guayana?
The city of Ho Chi Minh City is in Vietnam.,1,Ho Chi Minh City,Vietnam,Vietnam,Where is the city of Ho Chi Minh City?
The city of Ho Chi Minh City is in Gabon.,0,Ho Chi Minh City,Gabon,Vietnam,Where is the city of Ho Chi Minh City?
The city of Al Hudaydah is in Yemen.,1,Al Hudaydah,Yemen,Yemen,Where is the city of Al Hudaydah?
The city of Al Hudaydah is in South Korea.,0,Al Hudaydah,South Korea,Yemen,Where is the city of Al Hudaydah?
The city of Soweto is in South Africa.,1,Soweto,South Africa,South Africa,Where is the city of Soweto?
The city of Soweto is in Gabon.,0,Soweto,Gabon,South Africa,Where is the city of Soweto?
The city of Benoni is in South Africa.,1,Benoni,South Africa,South Africa,Where is the city of Benoni?
The city of Benoni is in the Philippines.,0,Benoni,the Philippines,South Africa,Where is the city of Benoni?
The city of Wuzhou is in China.,1,Wuzhou,China,China,Where is the city of Wuzhou?
The city of Wuzhou is in Syria.,0,Wuzhou,Syria,China,Where is the city of Wuzhou?
The city of Wanxian is in China.,1,Wanxian,China,China,Where is the city of Wanxian?
The city of Wanxian is in Algeria.,0,Wanxian,Algeria,China,Where is the city of Wanxian?
The city of Qinzhou is in China.,1,Qinzhou,China,China,Where is the city of Qinzhou?
The city of Qinzhou is in India.,0,Qinzhou,India,China,Where is the city of Qinzhou?
The city of Wuwei is in China.,1,Wuwei,China,China,Where is the city of Wuwei?
The city of Wuwei is in India.,0,Wuwei,India,China,Where is the city of Wuwei?
The city of Hefei is in China.,1,Hefei,China,China,Where is the city of Hefei?
The city of Hefei is in Germany.,0,Hefei,Germany,China,Where is the city of Hefei?
The city of Handan is in China.,1,Handan,China,China,Where is the city of Handan?
The city of Handan is in Russia.,0,Handan,Russia,China,Where is the city of Handan?
The city of Jiangyin is in China.,1,Jiangyin,China,China,Where is the city of Jiangyin?
The city of Jiangyin is in Bulgaria.,0,Jiangyin,Bulgaria,China,Where is the city of Jiangyin?
The city of Brazzaville is in the Republic of the Congo.,1,Brazzaville,the Republic of the Congo,the Republic of the Congo,Where is the city of Brazzaville?
The city of Brazzaville is in Nigeria.,0,Brazzaville,Nigeria,the Republic of the Congo,Where is the city of Brazzaville?
The city of Sorocaba is in Brazil.,1,Sorocaba,Brazil,Brazil,Where is the city of Sorocaba?
The city of Sorocaba is in Mexico.,0,Sorocaba,Mexico,Brazil,Where is the city of Sorocaba?
The city of Aktobe is in Kazakhstan.,1,Aktobe,Kazakhstan,Kazakhstan,Where is the city of Aktobe?
The city of Aktobe is in Afghanistan.,0,Aktobe,Afghanistan,Kazakhstan,Where is the city of Aktobe?
The city of Chisinau is in Moldova.,1,Chisinau,Moldova,Moldova,Where is the city of Chisinau?
The city of Chisinau is in Germany.,0,Chisinau,Germany,Moldova,Where is the city of Chisinau?
The city of Tiruppur is in India.,1,Tiruppur,India,India,Where is the city of Tiruppur?
The city of Tiruppur is in Japan.,0,Tiruppur,Japan,India,Where is the city of Tiruppur?
The city of Kozhikode is in India.,1,Kozhikode,India,India,Where is the city of Kozhikode?
The city of Kozhikode is in the United States.,0,Kozhikode,the United States,India,Where is the city of Kozhikode?
The city of Asansol is in India.,1,Asansol,India,India,Where is the city of Asansol?
The city of Asansol is in China.,0,Asansol,China,India,Where is the city of Asansol?
The city of Suizhou is in China.,1,Suizhou,China,China,Where is the city of Suizhou?
The city of Suizhou is in Japan.,0,Suizhou,Japan,China,Where is the city of Suizhou?
The city of Jingmen is in China.,1,Jingmen,China,China,Where is the city of Jingmen?
The city of Jingmen is in Japan.,0,Jingmen,Japan,China,Where is the city of Jingmen?
The city of Huangshi is in China.,1,Huangshi,China,China,Where is the city of Huangshi?
The city of Huangshi is in India.,0,Huangshi,India,China,Where is the city of Huangshi?
The city of Huaibei is in China.,1,Huaibei,China,China,Where is the city of Huaibei?
The city of Huaibei is in Brazil.,0,Huaibei,Brazil,China,Where is the city of Huaibei?
The city of Hebi is in China.,1,Hebi,China,China,Where is the city of Hebi?
The city of Hebi is in Nigeria.,0,Hebi,Nigeria,China,Where is the city of Hebi?
The city of Benxi is in China.,1,Benxi,China,China,Where is the city of Benxi?
The city of Benxi is in Brazil.,0,Benxi,Brazil,China,Where is the city of Benxi?
The city of Fortaleza is in Brazil.,1,Fortaleza,Brazil,Brazil,Where is the city of Fortaleza?
The city of Fortaleza is in Honduras.,0,Fortaleza,Honduras,Brazil,Where is the city of Fortaleza?
The city of Antwerpen is in Belgium.,1,Antwerpen,Belgium,Belgium,Where is the city of Antwerpen?
The city of Antwerpen is in Japan.,0,Antwerpen,Japan,Belgium,Where is the city of Antwerpen?
The city of Pikine is in Senegal.,1,Pikine,Senegal,Senegal,Where is the city of Pikine?
The city of Pikine is in Pakistan.,0,Pikine,Pakistan,Senegal,Where is the city of Pikine?
The city of Dakar is in Senegal.,1,Dakar,Senegal,Senegal,Where is the city of Dakar?
The city of Dakar is in India.,0,Dakar,India,Senegal,Where is the city of Dakar?
The city of Faisalabad is in Pakistan.,1,Faisalabad,Pakistan,Pakistan,Where is the city of Faisalabad?
The city of Faisalabad is in India.,0,Faisalabad,India,Pakistan,Where is the city of Faisalabad?
The city of Kyoto is in Japan.,1,Kyoto,Japan,Japan,Where is the city of Kyoto?
The city of Kyoto is in China.,0,Kyoto,China,Japan,Where is the city of Kyoto?
The city of Port Harcourt is in Nigeria.,1,Port Harcourt,Nigeria,Nigeria,Where is the city of Port Harcourt?
The city of Port Harcourt is in Eritrea.,0,Port Harcourt,Eritrea,Nigeria,Where is the city of Port Harcourt?
The city of Makhachkala is in Russia.,1,Makhachkala,Russia,Russia,Where is the city of Makhachkala?
The city of Makhachkala is in Indonesia.,0,Makhachkala,Indonesia,Russia,Where is the city of Makhachkala?
The city of Thiruvananthapuram is in India.,1,Thiruvananthapuram,India,India,Where is the city of Thiruvananthapuram?
The city of Thiruvananthapuram is in Japan.,0,Thiruvananthapuram,Japan,India,Where is the city of Thiruvananthapuram?
The city of Madurai is in India.,1,Madurai,India,India,Where is the city of Madurai?
The city of Madurai is in Burundi.,0,Madurai,Burundi,India,Where is the city of Madurai?
The city of Abu Ghurayb is in Iraq.,1,Abu Ghurayb,Iraq,Iraq,Where is the city of Abu Ghurayb?
The city of Abu Ghurayb is in Indonesia.,0,Abu Ghurayb,Indonesia,Iraq,Where is the city of Abu Ghurayb?
The city of Karaj is in Iran.,1,Karaj,Iran,Iran,Where is the city of Karaj?
The city of Karaj is in India.,0,Karaj,India,Iran,Where is the city of Karaj?
The city of Kampala is in Uganda.,1,Kampala,Uganda,Uganda,Where is the city of Kampala?
The city of Kampala is in Turkey.,0,Kampala,Turkey,Uganda,Where is the city of Kampala?
The city of Chicago is in the United States.,1,Chicago,the United States,the United States,Where is the city of Chicago?
The city of Chicago is in Madagascar.,0,Chicago,Madagascar,the United States,Where is the city of Chicago?
The city of Milwaukee is in the United States.,1,Milwaukee,the United States,the United States,Where is the city of Milwaukee?
The city of Milwaukee is in China.,0,Milwaukee,China,the United States,Where is the city of Milwaukee?
The city of Bloemfontein is in South Africa.,1,Bloemfontein,South Africa,South Africa,Where is the city of Bloemfontein?
The city of Bloemfontein is in China.,0,Bloemfontein,China,South Africa,Where is the city of Bloemfontein?
The city of Uberlandia is in Brazil.,1,Uberlandia,Brazil,Brazil,Where is the city of Uberlandia?
The city of Uberlandia is in India.,0,Uberlandia,India,Brazil,Where is the city of Uberlandia?
The city of Curitiba is in Brazil.,1,Curitiba,Brazil,Brazil,Where is the city of Curitiba?
The city of Curitiba is in India.,0,Curitiba,India,Brazil,Where is the city of Curitiba?
The city of Rio de Janeiro is in Brazil.,1,Rio de Janeiro,Brazil,Brazil,Where is the city of Rio de Janeiro?
The city of Rio de Janeiro is in Japan.,0,Rio de Janeiro,Japan,Brazil,Where is the city of Rio de Janeiro?
The city of Ribeirao Preto is in Brazil.,1,Ribeirao Preto,Brazil,Brazil,Where is the city of Ribeirao Preto?
The city of Ribeirao Preto is in China.,0,Ribeirao Preto,China,Brazil,Where is the city of Ribeirao Preto?
The city of The Bronx is in the United States.,1,The Bronx,the United States,the United States,Where is the city of The Bronx?
The city of The Bronx is in South Korea.,0,The Bronx,South Korea,the United States,Where is the city of The Bronx?
The city of Samarkand is in Uzbekistan.,1,Samarkand,Uzbekistan,Uzbekistan,Where is the city of Samarkand?
The city of Samarkand is in China.,0,Samarkand,China,Uzbekistan,Where is the city of Samarkand?
The city of Da Nang is in Vietnam.,1,Da Nang,Vietnam,Vietnam,Where is the city of Da Nang?
The city of Da Nang is in China.,0,Da Nang,China,Vietnam,Where is the city of Da Nang?
The city of Tomsk is in Russia.,1,Tomsk,Russia,Russia,Where is the city of Tomsk?
The city of Tomsk is in Ghana.,0,Tomsk,Ghana,Russia,Where is the city of Tomsk?
The city of Najran is in Saudi Arabia.,1,Najran,Saudi Arabia,Saudi Arabia,Where is the city of Najran?
The city of Najran is in India.,0,Najran,India,Saudi Arabia,Where is the city of Najran?
The city of Bangkok is in Thailand.,1,Bangkok,Thailand,Thailand,Where is the city of Bangkok?
The city of Bangkok is in China.,0,Bangkok,China,Thailand,Where is the city of Bangkok?
The city of Oklahoma City is in the United States.,1,Oklahoma City,the United States,the United States,Where is the city of Oklahoma City?
The city of Oklahoma City is in China.,0,Oklahoma City,China,the United States,Where is the city of Oklahoma City?
The city of Izhevsk is in Russia.,1,Izhevsk,Russia,Russia,Where is the city of Izhevsk?
The city of Izhevsk is in Nigeria.,0,Izhevsk,Nigeria,Russia,Where is the city of Izhevsk?
The city of Madinat an Nasr is in Egypt.,1,Madinat an Nasr,Egypt,Egypt,Where is the city of Madinat an Nasr?
The city of Madinat an Nasr is in India.,0,Madinat an Nasr,India,Egypt,Where is the city of Madinat an Nasr?
The city of Yibin is in China.,1,Yibin,China,China,Where is the city of Yibin?
The city of Yibin is in Brazil.,0,Yibin,Brazil,China,Where is the city of Yibin?
The city of Sanmenxia is in China.,1,Sanmenxia,China,China,Where is the city of Sanmenxia?
The city of Sanmenxia is in Brazil.,0,Sanmenxia,Brazil,China,Where is the city of Sanmenxia?
The city of Rui'an is in China.,1,Rui'an,China,China,Where is the city of Rui'an?
The city of Rui'an is in Indonesia.,0,Rui'an,Indonesia,China,Where is the city of Rui'an?
The city of Ningbo is in China.,1,Ningbo,China,China,Where is the city of Ningbo?
The city of Ningbo is in South Korea.,0,Ningbo,South Korea,China,Where is the city of Ningbo?
The city of Jiujiang is in China.,1,Jiujiang,China,China,Where is the city of Jiujiang?
The city of Jiujiang is in Indonesia.,0,Jiujiang,Indonesia,China,Where is the city of Jiujiang?
The city of Jiaozuo is in China.,1,Jiaozuo,China,China,Where is the city of Jiaozuo?
The city of Jiaozuo is in Bangladesh.,0,Jiaozuo,Bangladesh,China,Where is the city of Jiaozuo?
The city of Jiangmen is in China.,1,Jiangmen,China,China,Where is the city of Jiangmen?
The city of Jiangmen is in South Korea.,0,Jiangmen,South Korea,China,Where is the city of Jiangmen?
The city of Huizhou is in China.,1,Huizhou,China,China,Where is the city of Huizhou?
The city of Huizhou is in the United States.,0,Huizhou,the United States,China,Where is the city of Huizhou?
The city of Harbin is in China.,1,Harbin,China,China,Where is the city of Harbin?
The city of Harbin is in Russia.,0,Harbin,Russia,China,Where is the city of Harbin?
The city of Herat is in Afghanistan.,1,Herat,Afghanistan,Afghanistan,Where is the city of Herat?
The city of Herat is in China.,0,Herat,China,Afghanistan,Where is the city of Herat?
The city of Kleinzschocher is in Germany.,1,Kleinzschocher,Germany,Germany,Where is the city of Kleinzschocher?
The city of Kleinzschocher is in Brazil.,0,Kleinzschocher,Brazil,Germany,Where is the city of Kleinzschocher?
The city of Davao is in the Philippines.,1,Davao,the Philippines,the Philippines,Where is the city of Davao?
The city of Davao is in Brazil.,0,Davao,Brazil,the Philippines,Where is the city of Davao?
The city of Sargodha is in Pakistan.,1,Sargodha,Pakistan,Pakistan,Where is the city of Sargodha?
The city of Sargodha is in India.,0,Sargodha,India,Pakistan,Where is the city of Sargodha?
The city of Islamabad is in Pakistan.,1,Islamabad,Pakistan,Pakistan,Where is the city of Islamabad?
The city of Islamabad is in Japan.,0,Islamabad,Japan,Pakistan,Where is the city of Islamabad?
The city of Zapopan is in Mexico.,1,Zapopan,Mexico,Mexico,Where is the city of Zapopan?
The city of Zapopan is in China.,0,Zapopan,China,Mexico,Where is the city of Zapopan?
The city of Visakhapatnam is in India.,1,Visakhapatnam,India,India,Where is the city of Visakhapatnam?
The city of Visakhapatnam is in Indonesia.,0,Visakhapatnam,Indonesia,India,Where is the city of Visakhapatnam?
The city of Rourkela is in India.,1,Rourkela,India,India,Where is the city of Rourkela?
The city of Rourkela is in Brazil.,0,Rourkela,Brazil,India,Where is the city of Rourkela?
The city of Dhanbad is in India.,1,Dhanbad,India,India,Where is the city of Dhanbad?
The city of Dhanbad is in Kenya.,0,Dhanbad,Kenya,India,Where is the city of Dhanbad?
The city of Bokaro is in India.,1,Bokaro,India,India,Where is the city of Bokaro?
The city of Bokaro is in China.,0,Bokaro,China,India,Where is the city of Bokaro?
The city of Tabriz is in Iran.,1,Tabriz,Iran,Iran,Where is the city of Tabriz?
The city of Tabriz is in India.,0,Tabriz,India,Iran,Where is the city of Tabriz?
The city of Tlaquepaque is in Mexico.,1,Tlaquepaque,Mexico,Mexico,Where is the city of Tlaquepaque?
The city of Tlaquepaque is in Japan.,0,Tlaquepaque,Japan,Mexico,Where is the city of Tlaquepaque?
The city of Victoria de Durango is in Mexico.,1,Victoria de Durango,Mexico,Mexico,Where is the city of Victoria de Durango?
The city of Victoria de Durango is in Ghana.,0,Victoria de Durango,Ghana,Mexico,Where is the city of Victoria de Durango?
The city of Kota Kinabalu is in Malaysia.,1,Kota Kinabalu,Malaysia,Malaysia,Where is the city of Kota Kinabalu?
The city of Kota Kinabalu is in the United States.,0,Kota Kinabalu,the United States,Malaysia,Where is the city of Kota Kinabalu?
The city of Nairobi is in Kenya.,1,Nairobi,Kenya,Kenya,Where is the city of Nairobi?
The city of Nairobi is in Mexico.,0,Nairobi,Mexico,Kenya,Where is the city of Nairobi?
The city of Taguig is in the Philippines.,1,Taguig,the Philippines,the Philippines,Where is the city of Taguig?
The city of Taguig is in India.,0,Taguig,India,the Philippines,Where is the city of Taguig?
The city of Rajkot is in India.,1,Rajkot,India,India,Where is the city of Rajkot?
The city of Rajkot is in Russia.,0,Rajkot,Russia,India,Where is the city of Rajkot?
The city of Pune is in India.,1,Pune,India,India,Where is the city of Pune?
The city of Pune is in South Korea.,0,Pune,South Korea,India,Where is the city of Pune?
The city of Ludhiana is in India.,1,Ludhiana,India,India,Where is the city of Ludhiana?
The city of Ludhiana is in Togo.,0,Ludhiana,Togo,India,Where is the city of Ludhiana?
The city of Jamshedpur is in India.,1,Jamshedpur,India,India,Where is the city of Jamshedpur?
The city of Jamshedpur is in China.,0,Jamshedpur,China,India,Where is the city of Jamshedpur?
The city of Bhiwandi is in India.,1,Bhiwandi,India,India,Where is the city of Bhiwandi?
The city of Bhiwandi is in China.,0,Bhiwandi,China,India,Where is the city of Bhiwandi?
The city of Erbil is in Iraq.,1,Erbil,Iraq,Iraq,Where is the city of Erbil?
The city of Erbil is in Cuba.,0,Erbil,Cuba,Iraq,Where is the city of Erbil?
The city of Chelyabinsk is in Russia.,1,Chelyabinsk,Russia,Russia,Where is the city of Chelyabinsk?
The city of Chelyabinsk is in China.,0,Chelyabinsk,China,Russia,Where is the city of Chelyabinsk?
The city of Uskudar is in Turkey.,1,Uskudar,Turkey,Turkey,Where is the city of Uskudar?
The city of Uskudar is in Bulgaria.,0,Uskudar,Bulgaria,Turkey,Where is the city of Uskudar?
The city of Bagcilar is in Turkey.,1,Bagcilar,Turkey,Turkey,Where is the city of Bagcilar?
The city of Bagcilar is in Iran.,0,Bagcilar,Iran,Turkey,Where is the city of Bagcilar?
The city of Quezon City is in the Philippines.,1,Quezon City,the Philippines,the Philippines,Where is the city of Quezon City?
The city of Quezon City is in China.,0,Quezon City,China,the Philippines,Where is the city of Quezon City?
The city of Mexico City is in Mexico.,1,Mexico City,Mexico,Mexico,Where is the city of Mexico City?
The city of Mexico City is in China.,0,Mexico City,China,Mexico,Where is the city of Mexico City?
The city of Leon de los Aldama is in Mexico.,1,Leon de los Aldama,Mexico,Mexico,Where is the city of Leon de los Aldama?
The city of Leon de los Aldama is in China.,0,Leon de los Aldama,China,Mexico,Where is the city of Leon de los Aldama?
The city of Fes is in Morocco.,1,Fes,Morocco,Morocco,Where is the city of Fes?
The city of Fes is in Mali.,0,Fes,Mali,Morocco,Where is the city of Fes?
The city of Surat is in India.,1,Surat,India,India,Where is the city of Surat?
The city of Surat is in Burkina Faso.,0,Surat,Burkina Faso,India,Where is the city of Surat?
The city of Barnaul is in Russia.,1,Barnaul,Russia,Russia,Where is the city of Barnaul?
The city of Barnaul is in South Africa.,0,Barnaul,South Africa,Russia,Where is the city of Barnaul?
The city of Buraydah is in Saudi Arabia.,1,Buraydah,Saudi Arabia,Saudi Arabia,Where is the city of Buraydah?
The city of Buraydah is in Rwanda.,0,Buraydah,Rwanda,Saudi Arabia,Where is the city of Buraydah?
The city of Bikaner is in India.,1,Bikaner,India,India,Where is the city of Bikaner?
The city of Bikaner is in South Korea.,0,Bikaner,South Korea,India,Where is the city of Bikaner?
The city of Mogadishu is in Somalia.,1,Mogadishu,Somalia,Somalia,Where is the city of Mogadishu?
The city of Mogadishu is in Iran.,0,Mogadishu,Iran,Somalia,Where is the city of Mogadishu?
The city of Homs is in Syria.,1,Homs,Syria,Syria,Where is the city of Homs?
The city of Homs is in Indonesia.,0,Homs,Indonesia,Syria,Where is the city of Homs?
The city of Port-au-Prince is in Haiti.,1,Port-au-Prince,Haiti,Haiti,Where is the city of Port-au-Prince?
The city of Port-au-Prince is in South Korea.,0,Port-au-Prince,South Korea,Haiti,Where is the city of Port-au-Prince?
The city of Thuan An is in Vietnam.,1,Thuan An,Vietnam,Vietnam,Where is the city of Thuan An?
The city of Thuan An is in Mozambique.,0,Thuan An,Mozambique,Vietnam,Where is the city of Thuan An?
The city of Sanaa is in Yemen.,1,Sanaa,Yemen,Yemen,Where is the city of Sanaa?
The city of Sanaa is in China.,0,Sanaa,China,Yemen,Where is the city of Sanaa?
The city of Pretoria is in South Africa.,1,Pretoria,South Africa,South Africa,Where is the city of Pretoria?
The city of Pretoria is in India.,0,Pretoria,India,South Africa,Where is the city of Pretoria?
The city of Pietermaritzburg is in South Africa.,1,Pietermaritzburg,South Africa,South Africa,Where is the city of Pietermaritzburg?
The city of Pietermaritzburg is in China.,0,Pietermaritzburg,China,South Africa,Where is the city of Pietermaritzburg?
The city of Abu Dhabi is in the United Arab Emirates.,1,Abu Dhabi,the United Arab Emirates,the United Arab Emirates,Where is the city of Abu Dhabi?
The city of Abu Dhabi is in Oman.,0,Abu Dhabi,Oman,the United Arab Emirates,Where is the city of Abu Dhabi?
The city of Sao Paulo is in Brazil.,1,Sao Paulo,Brazil,Brazil,Where is the city of Sao Paulo?
The city of Sao Paulo is in China.,0,Sao Paulo,China,Brazil,Where is the city of Sao Paulo?
The city of Lianyungang is in China.,1,Lianyungang,China,China,Where is the city of Lianyungang?
The city of Lianyungang is in the Philippines.,0,Lianyungang,the Philippines,China,Where is the city of Lianyungang?
The city of Xiaogan is in China.,1,Xiaogan,China,China,Where is the city of Xiaogan?
The city of Xiaogan is in Ukraine.,0,Xiaogan,Ukraine,China,Where is the city of Xiaogan?
The city of Taicang is in China.,1,Taicang,China,China,Where is the city of Taicang?
The city of Taicang is in Madagascar.,0,Taicang,Madagascar,China,Where is the city of Taicang?
The city of Guiyang is in China.,1,Guiyang,China,China,Where is the city of Guiyang?
The city of Guiyang is in South Korea.,0,Guiyang,South Korea,China,Where is the city of Guiyang?
The city of Ganzhou is in China.,1,Ganzhou,China,China,Where is the city of Ganzhou?
The city of Ganzhou is in South Korea.,0,Ganzhou,South Korea,China,Where is the city of Ganzhou?
The city of Shangyu is in China.,1,Shangyu,China,China,Where is the city of Shangyu?
The city of Shangyu is in the United Arab Emirates.,0,Shangyu,the United Arab Emirates,China,Where is the city of Shangyu?
The city of Jambi City is in Indonesia.,1,Jambi City,Indonesia,Indonesia,Where is the city of Jambi City?
The city of Jambi City is in China.,0,Jambi City,China,Indonesia,Where is the city of Jambi City?
The city of Indianapolis is in the United States.,1,Indianapolis,the United States,the United States,Where is the city of Indianapolis?
The city of Indianapolis is in Côte d'Ivoire.,0,Indianapolis,Côte d'Ivoire,the United States,Where is the city of Indianapolis?
The city of New York City is in the United States.,1,New York City,the United States,the United States,Where is the city of New York City?
The city of New York City is in India.,0,New York City,India,the United States,Where is the city of New York City?
The city of Bulawayo is in Zimbabwe.,1,Bulawayo,Zimbabwe,Zimbabwe,Where is the city of Bulawayo?
The city of Bulawayo is in China.,0,Bulawayo,China,Zimbabwe,Where is the city of Bulawayo?
The city of Santiago de Cuba is in Cuba.,1,Santiago de Cuba,Cuba,Cuba,Where is the city of Santiago de Cuba?
The city of Santiago de Cuba is in India.,0,Santiago de Cuba,India,Cuba,Where is the city of Santiago de Cuba?
The city of Quito is in Ecuador.,1,Quito,Ecuador,Ecuador,Where is the city of Quito?
The city of Quito is in China.,0,Quito,China,Ecuador,Where is the city of Quito?
The city of Shubra al Khaymah is in Egypt.,1,Shubra al Khaymah,Egypt,Egypt,Where is the city of Shubra al Khaymah?
The city of Shubra al Khaymah is in Nigeria.,0,Shubra al Khaymah,Nigeria,Egypt,Where is the city of Shubra al Khaymah?
The city of Al Mahallah al Kubra is in Egypt.,1,Al Mahallah al Kubra,Egypt,Egypt,Where is the city of Al Mahallah al Kubra?
The city of Al Mahallah al Kubra is in Afghanistan.,0,Al Mahallah al Kubra,Afghanistan,Egypt,Where is the city of Al Mahallah al Kubra?
The city of Suining is in China.,1,Suining,China,China,Where is the city of Suining?
The city of Suining is in Algeria.,0,Suining,Algeria,China,Where is the city of Suining?
The city of Guankou is in China.,1,Guankou,China,China,Where is the city of Guankou?
The city of Guankou is in Pakistan.,0,Guankou,Pakistan,China,Where is the city of Guankou?
The city of Langfang is in China.,1,Langfang,China,China,Where is the city of Langfang?
The city of Langfang is in India.,0,Langfang,India,China,Where is the city of Langfang?
The city of Jinan is in China.,1,Jinan,China,China,Where is the city of Jinan?
The city of Jinan is in Rwanda.,0,Jinan,Rwanda,China,Where is the city of Jinan?
The city of Guigang is in China.,1,Guigang,China,China,Where is the city of Guigang?
The city of Guigang is in Japan.,0,Guigang,Japan,China,Where is the city of Guigang?
The city of Dalian is in China.,1,Dalian,China,China,Where is the city of Dalian?
The city of Dalian is in Saudi Arabia.,0,Dalian,Saudi Arabia,China,Where is the city of Dalian?
The city of Chongqing is in China.,1,Chongqing,China,China,Where is the city of Chongqing?
The city of Chongqing is in Sweden.,0,Chongqing,Sweden,China,Where is the city of Chongqing?
The city of Homyel' is in Belarus.,1,Homyel',Belarus,Belarus,Where is the city of Homyel'?
The city of Homyel' is in Iran.,0,Homyel',Iran,Belarus,Where is the city of Homyel'?
The city of Winnipeg is in Canada.,1,Winnipeg,Canada,Canada,Where is the city of Winnipeg?
The city of Winnipeg is in Mexico.,0,Winnipeg,Mexico,Canada,Where is the city of Winnipeg?
The city of Klang is in Malaysia.,1,Klang,Malaysia,Malaysia,Where is the city of Klang?
The city of Klang is in China.,0,Klang,China,Malaysia,Where is the city of Klang?
The city of Irbid is in Jordan.,1,Irbid,Jordan,Jordan,Where is the city of Irbid?
The city of Irbid is in India.,0,Irbid,India,Jordan,Where is the city of Irbid?
The city of Bishkek is in Kyrgyzstan.,1,Bishkek,Kyrgyzstan,Kyrgyzstan,Where is the city of Bishkek?
The city of Bishkek is in Germany.,0,Bishkek,Germany,Kyrgyzstan,Where is the city of Bishkek?
The city of Muzaffarabad is in Pakistan.,1,Muzaffarabad,Pakistan,Pakistan,Where is the city of Muzaffarabad?
The city of Muzaffarabad is in China.,0,Muzaffarabad,China,Pakistan,Where is the city of Muzaffarabad?
The city of Kotli is in Pakistan.,1,Kotli,Pakistan,Pakistan,Where is the city of Kotli?
The city of Kotli is in the United States.,0,Kotli,the United States,Pakistan,Where is the city of Kotli?
The city of Nagpur is in India.,1,Nagpur,India,India,Where is the city of Nagpur?
The city of Nagpur is in Denmark.,0,Nagpur,Denmark,India,Where is the city of Nagpur?
The city of Kolhapur is in India.,1,Kolhapur,India,India,Where is the city of Kolhapur?
The city of Kolhapur is in Mozambique.,0,Kolhapur,Mozambique,India,Where is the city of Kolhapur?
The city of Cuttack is in India.,1,Cuttack,India,India,Where is the city of Cuttack?
The city of Cuttack is in Pakistan.,0,Cuttack,Pakistan,India,Where is the city of Cuttack?
The city of Makassar is in Indonesia.,1,Makassar,Indonesia,Indonesia,Where is the city of Makassar?
The city of Makassar is in China.,0,Makassar,China,Indonesia,Where is the city of Makassar?
The city of Yekaterinburg is in Russia.,1,Yekaterinburg,Russia,Russia,Where is the city of Yekaterinburg?
The city of Yekaterinburg is in Lithuania.,0,Yekaterinburg,Lithuania,Russia,Where is the city of Yekaterinburg?
The city of Dammam is in Saudi Arabia.,1,Dammam,Saudi Arabia,Saudi Arabia,Where is the city of Dammam?
The city of Dammam is in Russia.,0,Dammam,Russia,Saudi Arabia,Where is the city of Dammam?
The city of Dushanbe is in Tajikistan.,1,Dushanbe,Tajikistan,Tajikistan,Where is the city of Dushanbe?
The city of Dushanbe is in Nigeria.,0,Dushanbe,Nigeria,Tajikistan,Where is the city of Dushanbe?
The city of Gaziantep is in Turkey.,1,Gaziantep,Turkey,Turkey,Where is the city of Gaziantep?
The city of Gaziantep is in Mexico.,0,Gaziantep,Mexico,Turkey,Where is the city of Gaziantep?
The city of Asuncion is in Paraguay.,1,Asuncion,Paraguay,Paraguay,Where is the city of Asuncion?
The city of Asuncion is in Nigeria.,0,Asuncion,Nigeria,Paraguay,Where is the city of Asuncion?
The city of Tebessa is in Algeria.,1,Tebessa,Algeria,Algeria,Where is the city of Tebessa?
The city of Tebessa is in India.,0,Tebessa,India,Algeria,Where is the city of Tebessa?
The city of Zhuzhou is in China.,1,Zhuzhou,China,China,Where is the city of Zhuzhou?
The city of Zhuzhou is in France.,0,Zhuzhou,France,China,Where is the city of Zhuzhou?
The city of Xining is in China.,1,Xining,China,China,Where is the city of Xining?
The city of Xining is in the United Arab Emirates.,0,Xining,the United Arab Emirates,China,Where is the city of Xining?
The city of Tanggu is in China.,1,Tanggu,China,China,Where is the city of Tanggu?
The city of Tanggu is in South Korea.,0,Tanggu,South Korea,China,Where is the city of Tanggu?
The city of Shantou is in China.,1,Shantou,China,China,Where is the city of Shantou?
The city of Shantou is in Pakistan.,0,Shantou,Pakistan,China,Where is the city of Shantou?
The city of Shangluo is in China.,1,Shangluo,China,China,Where is the city of Shangluo?
The city of Shangluo is in Honduras.,0,Shangluo,Honduras,China,Where is the city of Shangluo?
The city of Putian is in China.,1,Putian,China,China,Where is the city of Putian?
The city of Putian is in Vietnam.,0,Putian,Vietnam,China,Where is the city of Putian?
The city of Luzhou is in China.,1,Luzhou,China,China,Where is the city of Luzhou?
The city of Luzhou is in Peru.,0,Luzhou,Peru,China,Where is the city of Luzhou?
The city of Lanzhou is in China.,1,Lanzhou,China,China,Where is the city of Lanzhou?
The city of Lanzhou is in Mexico.,0,Lanzhou,Mexico,China,Where is the city of Lanzhou?
The city of Chenzhou is in China.,1,Chenzhou,China,China,Where is the city of Chenzhou?
The city of Chenzhou is in Brazil.,0,Chenzhou,Brazil,China,Where is the city of Chenzhou?
The city of Baise is in China.,1,Baise,China,China,Where is the city of Baise?
The city of Baise is in Japan.,0,Baise,Japan,China,Where is the city of Baise?
The city of Shenyang is in China.,1,Shenyang,China,China,Where is the city of Shenyang?
The city of Shenyang is in Somalia.,0,Shenyang,Somalia,China,Where is the city of Shenyang?
The city of Daqing is in China.,1,Daqing,China,China,Where is the city of Daqing?
The city of Daqing is in Brazil.,0,Daqing,Brazil,China,Where is the city of Daqing?
The city of Brasilia is in Brazil.,1,Brasilia,Brazil,Brazil,Where is the city of Brasilia?
The city of Brasilia is in South Korea.,0,Brasilia,South Korea,Brazil,Where is the city of Brasilia?
The city of Kandahar is in Afghanistan.,1,Kandahar,Afghanistan,Afghanistan,Where is the city of Kandahar?
The city of Kandahar is in China.,0,Kandahar,China,Afghanistan,Where is the city of Kandahar?
The city of Gold Coast is in Australia.,1,Gold Coast,Australia,Australia,Where is the city of Gold Coast?
The city of Gold Coast is in China.,0,Gold Coast,China,Australia,Where is the city of Gold Coast?
The city of Ouagadougou is in Burkina Faso.,1,Ouagadougou,Burkina Faso,Burkina Faso,Where is the city of Ouagadougou?
The city of Ouagadougou is in China.,0,Ouagadougou,China,Burkina Faso,Where is the city of Ouagadougou?
The city of Duque de Caxias is in Brazil.,1,Duque de Caxias,Brazil,Brazil,Where is the city of Duque de Caxias?
The city of Duque de Caxias is in Côte d'Ivoire.,0,Duque de Caxias,Côte d'Ivoire,Brazil,Where is the city of Duque de Caxias?
The city of Hiroshima is in Japan.,1,Hiroshima,Japan,Japan,Where is the city of Hiroshima?
The city of Hiroshima is in Malaysia.,0,Hiroshima,Malaysia,Japan,Where is the city of Hiroshima?
The city of Saitama is in Japan.,1,Saitama,Japan,Japan,Where is the city of Saitama?
The city of Saitama is in India.,0,Saitama,India,Japan,Where is the city of Saitama?
The city of Mandalay is in Myanmar.,1,Mandalay,Myanmar,Myanmar,Where is the city of Mandalay?
The city of Mandalay is in Algeria.,0,Mandalay,Algeria,Myanmar,Where is the city of Mandalay?
The city of Nampula is in Mozambique.,1,Nampula,Mozambique,Mozambique,Where is the city of Nampula?
The city of Nampula is in India.,0,Nampula,India,Mozambique,Where is the city of Nampula?
The city of Mysore is in India.,1,Mysore,India,India,Where is the city of Mysore?
The city of Mysore is in Mexico.,0,Mysore,Mexico,India,Where is the city of Mysore?
The city of Coimbatore is in India.,1,Coimbatore,India,India,Where is the city of Coimbatore?
The city of Coimbatore is in Malaysia.,0,Coimbatore,Malaysia,India,Where is the city of Coimbatore?
The city of Chandigarh is in India.,1,Chandigarh,India,India,Where is the city of Chandigarh?
The city of Chandigarh is in China.,0,Chandigarh,China,India,Where is the city of Chandigarh?
The city of Amritsar is in India.,1,Amritsar,India,India,Where is the city of Amritsar?
The city of Amritsar is in Moldova.,0,Amritsar,Moldova,India,Where is the city of Amritsar?
The city of Arak is in Iran.,1,Arak,Iran,Iran,Where is the city of Arak?
The city of Arak is in India.,0,Arak,India,Iran,Where is the city of Arak?
The city of Ilorin is in Nigeria.,1,Ilorin,Nigeria,Nigeria,Where is the city of Ilorin?
The city of Ilorin is in Ukraine.,0,Ilorin,Ukraine,Nigeria,Where is the city of Ilorin?
The city of Omdurman is in Sudan.,1,Omdurman,Sudan,Sudan,Where is the city of Omdurman?
The city of Omdurman is in South Korea.,0,Omdurman,South Korea,Sudan,Where is the city of Omdurman?
The city of Khartoum is in Sudan.,1,Khartoum,Sudan,Sudan,Where is the city of Khartoum?
The city of Khartoum is in China.,0,Khartoum,China,Sudan,Where is the city of Khartoum?
The city of Gujranwala is in Pakistan.,1,Gujranwala,Pakistan,Pakistan,Where is the city of Gujranwala?
The city of Gujranwala is in China.,0,Gujranwala,China,Pakistan,Where is the city of Gujranwala?
The city of Nizhniy Novgorod is in Russia.,1,Nizhniy Novgorod,Russia,Russia,Where is the city of Nizhniy Novgorod?
The city of Nizhniy Novgorod is in China.,0,Nizhniy Novgorod,China,Russia,Where is the city of Nizhniy Novgorod?
The city of Zhaoqing is in China.,1,Zhaoqing,China,China,Where is the city of Zhaoqing?
The city of Zhaoqing is in Brazil.,0,Zhaoqing,Brazil,China,Where is the city of Zhaoqing?
The city of Xianning is in China.,1,Xianning,China,China,Where is the city of Xianning?
The city of Xianning is in Lebanon.,0,Xianning,Lebanon,China,Where is the city of Xianning?
The city of Suqian is in China.,1,Suqian,China,China,Where is the city of Suqian?
The city of Suqian is in Mexico.,0,Suqian,Mexico,China,Where is the city of Suqian?
The city of Tonghua is in China.,1,Tonghua,China,China,Where is the city of Tonghua?
The city of Tonghua is in Venezuela.,0,Tonghua,Venezuela,China,Where is the city of Tonghua?
The city of Hezhou is in China.,1,Hezhou,China,China,Where is the city of Hezhou?
The city of Hezhou is in India.,0,Hezhou,India,China,Where is the city of Hezhou?
The city of Grosszschocher is in Germany.,1,Grosszschocher,Germany,Germany,Where is the city of Grosszschocher?
The city of Grosszschocher is in China.,0,Grosszschocher,China,Germany,Where is the city of Grosszschocher?
The city of San Pedro Sula is in Honduras.,1,San Pedro Sula,Honduras,Honduras,Where is the city of San Pedro Sula?
The city of San Pedro Sula is in India.,0,San Pedro Sula,India,Honduras,Where is the city of San Pedro Sula?
The city of Queens is in the United States.,1,Queens,the United States,the United States,Where is the city of Queens?
The city of Queens is in India.,0,Queens,India,the United States,Where is the city of Queens?
The city of Caracas is in Venezuela.,1,Caracas,Venezuela,Venezuela,Where is the city of Caracas?
The city of Caracas is in Sudan.,0,Caracas,Sudan,Venezuela,Where is the city of Caracas?
The city of Bien Hoa is in Vietnam.,1,Bien Hoa,Vietnam,Vietnam,Where is the city of Bien Hoa?
The city of Bien Hoa is in South Korea.,0,Bien Hoa,South Korea,Vietnam,Where is the city of Bien Hoa?
The city of Durban is in South Africa.,1,Durban,South Africa,South Africa,Where is the city of Durban?
The city of Durban is in Ukraine.,0,Durban,Ukraine,South Africa,Where is the city of Durban?
The city of Kawaguchi is in Japan.,1,Kawaguchi,Japan,Japan,Where is the city of Kawaguchi?
The city of Kawaguchi is in Indonesia.,0,Kawaguchi,Indonesia,Japan,Where is the city of Kawaguchi?
The city of Bucheon-si is in South Korea.,1,Bucheon-si,South Korea,South Korea,Where is the city of Bucheon-si?
The city of Bucheon-si is in Romania.,0,Bucheon-si,Romania,South Korea,Where is the city of Bucheon-si?
The city of Tangier is in Morocco.,1,Tangier,Morocco,Morocco,Where is the city of Tangier?
The city of Tangier is in Ecuador.,0,Tangier,Ecuador,Morocco,Where is the city of Tangier?
The city of Nay Pyi Taw is in Myanmar.,1,Nay Pyi Taw,Myanmar,Myanmar,Where is the city of Nay Pyi Taw?
The city of Nay Pyi Taw is in Mozambique.,0,Nay Pyi Taw,Mozambique,Myanmar,Where is the city of Nay Pyi Taw?
The city of Ulhasnagar is in India.,1,Ulhasnagar,India,India,Where is the city of Ulhasnagar?
The city of Ulhasnagar is in Senegal.,0,Ulhasnagar,Senegal,India,Where is the city of Ulhasnagar?
The city of Faridabad is in India.,1,Faridabad,India,India,Where is the city of Faridabad?
The city of Faridabad is in the United States.,0,Faridabad,the United States,India,Where is the city of Faridabad?
The city of Kolkata is in India.,1,Kolkata,India,India,Where is the city of Kolkata?
The city of Kolkata is in Japan.,0,Kolkata,Japan,India,Where is the city of Kolkata?
The city of Karbala is in Iraq.,1,Karbala,Iraq,Iraq,Where is the city of Karbala?
The city of Karbala is in Turkey.,0,Karbala,Turkey,Iraq,Where is the city of Karbala?
The city of Jakarta is in Indonesia.,1,Jakarta,Indonesia,Indonesia,Where is the city of Jakarta?
The city of Jakarta is in Colombia.,0,Jakarta,Colombia,Indonesia,Where is the city of Jakarta?
The city of Denpasar is in Indonesia.,1,Denpasar,Indonesia,Indonesia,Where is the city of Denpasar?
The city of Denpasar is in Brazil.,0,Denpasar,Brazil,Indonesia,Where is the city of Denpasar?
The city of Batam is in Indonesia.,1,Batam,Indonesia,Indonesia,Where is the city of Batam?
The city of Batam is in Turkey.,0,Batam,Turkey,Indonesia,Where is the city of Batam?
The city of Liupanshui is in China.,1,Liupanshui,China,China,Where is the city of Liupanshui?
The city of Liupanshui is in the Philippines.,0,Liupanshui,the Philippines,China,Where is the city of Liupanshui?
The city of Shangrao is in China.,1,Shangrao,China,China,Where is the city of Shangrao?
The city of Shangrao is in Russia.,0,Shangrao,Russia,China,Where is the city of Shangrao?
The city of Xingtai is in China.,1,Xingtai,China,China,Where is the city of Xingtai?
The city of Xingtai is in Russia.,0,Xingtai,Russia,China,Where is the city of Xingtai?
The city of Qujing is in China.,1,Qujing,China,China,Where is the city of Qujing?
The city of Qujing is in India.,0,Qujing,India,China,Where is the city of Qujing?
The city of Nanning is in China.,1,Nanning,China,China,Where is the city of Nanning?
The city of Nanning is in Japan.,0,Nanning,Japan,China,Where is the city of Nanning?
The city of Huainan is in China.,1,Huainan,China,China,Where is the city of Huainan?
The city of Huainan is in Egypt.,0,Huainan,Egypt,China,Where is the city of Huainan?
The city of Binzhou is in China.,1,Binzhou,China,China,Where is the city of Binzhou?
The city of Binzhou is in Brazil.,0,Binzhou,Brazil,China,Where is the city of Binzhou?
The city of Fuxin is in China.,1,Fuxin,China,China,Where is the city of Fuxin?
The city of Fuxin is in Pakistan.,0,Fuxin,Pakistan,China,Where is the city of Fuxin?
The city of Quebec is in Canada.,1,Quebec,Canada,Canada,Where is the city of Quebec?
The city of Quebec is in Zimbabwe.,0,Quebec,Zimbabwe,Canada,Where is the city of Quebec?
The city of Mazar-e Sharif is in Afghanistan.,1,Mazar-e Sharif,Afghanistan,Afghanistan,Where is the city of Mazar-e Sharif?
The city of Mazar-e Sharif is in India.,0,Mazar-e Sharif,India,Afghanistan,Where is the city of Mazar-e Sharif?
The city of Mar del Plata is in Argentina.,1,Mar del Plata,Argentina,Argentina,Where is the city of Mar del Plata?
The city of Mar del Plata is in Nigeria.,0,Mar del Plata,Nigeria,Argentina,Where is the city of Mar del Plata?
The city of Salta is in Argentina.,1,Salta,Argentina,Argentina,Where is the city of Salta?
The city of Salta is in India.,0,Salta,India,Argentina,Where is the city of Salta?
The city of Bujumbura is in Burundi.,1,Bujumbura,Burundi,Burundi,Where is the city of Bujumbura?
The city of Bujumbura is in Nigeria.,0,Bujumbura,Nigeria,Burundi,Where is the city of Bujumbura?
The city of Ankara is in Turkey.,1,Ankara,Turkey,Turkey,Where is the city of Ankara?
The city of Ankara is in Japan.,0,Ankara,Japan,Turkey,Where is the city of Ankara?
The city of Esenler is in Turkey.,1,Esenler,Turkey,Turkey,Where is the city of Esenler?
The city of Esenler is in India.,0,Esenler,India,Turkey,Where is the city of Esenler?
The city of Cankaya is in Turkey.,1,Cankaya,Turkey,Turkey,Where is the city of Cankaya?
The city of Cankaya is in the United States.,0,Cankaya,the United States,Turkey,Where is the city of Cankaya?
The city of Ufa is in Russia.,1,Ufa,Russia,Russia,Where is the city of Ufa?
The city of Ufa is in South Korea.,0,Ufa,South Korea,Russia,Where is the city of Ufa?
The city of Rawalpindi is in Pakistan.,1,Rawalpindi,Pakistan,Pakistan,Where is the city of Rawalpindi?
The city of Rawalpindi is in Brazil.,0,Rawalpindi,Brazil,Pakistan,Where is the city of Rawalpindi?
The city of Karachi is in Pakistan.,1,Karachi,Pakistan,Pakistan,Where is the city of Karachi?
The city of Karachi is in India.,0,Karachi,India,Pakistan,Where is the city of Karachi?
The city of Tijuana is in Mexico.,1,Tijuana,Mexico,Mexico,Where is the city of Tijuana?
The city of Tijuana is in the United Arab Emirates.,0,Tijuana,the United Arab Emirates,Mexico,Where is the city of Tijuana?
The city of Jos is in Nigeria.,1,Jos,Nigeria,Nigeria,Where is the city of Jos?
The city of Jos is in India.,0,Jos,India,Nigeria,Where is the city of Jos?
The city of Ibadan is in Nigeria.,1,Ibadan,Nigeria,Nigeria,Where is the city of Ibadan?
The city of Ibadan is in Malaysia.,0,Ibadan,Malaysia,Nigeria,Where is the city of Ibadan?
The city of Managua is in Nicaragua.,1,Managua,Nicaragua,Nicaragua,Where is the city of Managua?
The city of Managua is in Turkey.,0,Managua,Turkey,Nicaragua,Where is the city of Managua?
The city of Ha'il is in Saudi Arabia.,1,Ha'il,Saudi Arabia,Saudi Arabia,Where is the city of Ha'il?
The city of Ha'il is in China.,0,Ha'il,China,Saudi Arabia,Where is the city of Ha'il?
The city of Haiphong is in Vietnam.,1,Haiphong,Vietnam,Vietnam,Where is the city of Haiphong?
The city of Haiphong is in the Dominican Republic.,0,Haiphong,the Dominican Republic,Vietnam,Where is the city of Haiphong?
The city of Cape Town is in South Africa.,1,Cape Town,South Africa,South Africa,Where is the city of Cape Town?
The city of Cape Town is in China.,0,Cape Town,China,South Africa,Where is the city of Cape Town?
The city of Ipoh is in Malaysia.,1,Ipoh,Malaysia,Malaysia,Where is the city of Ipoh?
The city of Ipoh is in Brazil.,0,Ipoh,Brazil,Malaysia,Where is the city of Ipoh?
The city of Kuantan is in Malaysia.,1,Kuantan,Malaysia,Malaysia,Where is the city of Kuantan?
The city of Kuantan is in India.,0,Kuantan,India,Malaysia,Where is the city of Kuantan?
The city of Maiduguri is in Nigeria.,1,Maiduguri,Nigeria,Nigeria,Where is the city of Maiduguri?
The city of Maiduguri is in China.,0,Maiduguri,China,Nigeria,Where is the city of Maiduguri?
The city of Yangon is in Myanmar.,1,Yangon,Myanmar,Myanmar,Where is the city of Yangon?
The city of Yangon is in Kenya.,0,Yangon,Kenya,Myanmar,Where is the city of Yangon?
The city of Kathmandu is in Nepal.,1,Kathmandu,Nepal,Nepal,Where is the city of Kathmandu?
The city of Kathmandu is in China.,0,Kathmandu,China,Nepal,Where is the city of Kathmandu?
The city of Las Pinas is in the Philippines.,1,Las Pinas,the Philippines,the Philippines,Where is the city of Las Pinas?
The city of Las Pinas is in Yemen.,0,Las Pinas,Yemen,the Philippines,Where is the city of Las Pinas?
The city of Reynosa is in Mexico.,1,Reynosa,Mexico,Mexico,Where is the city of Reynosa?
The city of Reynosa is in China.,0,Reynosa,China,Mexico,Where is the city of Reynosa?
The city of Rostov-na-Donu is in Russia.,1,Rostov-na-Donu,Russia,Russia,Where is the city of Rostov-na-Donu?
The city of Rostov-na-Donu is in the United Arab Emirates.,0,Rostov-na-Donu,the United Arab Emirates,Russia,Where is the city of Rostov-na-Donu?
The city of Ibague is in Colombia.,1,Ibague,Colombia,Colombia,Where is the city of Ibague?
The city of Ibague is in Finland.,0,Ibague,Finland,Colombia,Where is the city of Ibague?
The city of Copenhagen is in Denmark.,1,Copenhagen,Denmark,Denmark,Where is the city of Copenhagen?
The city of Copenhagen is in China.,0,Copenhagen,China,Denmark,Where is the city of Copenhagen?
The city of Xinyang is in China.,1,Xinyang,China,China,Where is the city of Xinyang?
The city of Xinyang is in Japan.,0,Xinyang,Japan,China,Where is the city of Xinyang?
The city of Weinan is in China.,1,Weinan,China,China,Where is the city of Weinan?
The city of Weinan is in Colombia.,0,Weinan,Colombia,China,Where is the city of Weinan?
The city of Wanning is in China.,1,Wanning,China,China,Where is the city of Wanning?
The city of Wanning is in the United States.,0,Wanning,the United States,China,Where is the city of Wanning?
The city of Shijiazhuang is in China.,1,Shijiazhuang,China,China,Where is the city of Shijiazhuang?
The city of Shijiazhuang is in Uzbekistan.,0,Shijiazhuang,Uzbekistan,China,Where is the city of Shijiazhuang?
The city of Laiwu is in China.,1,Laiwu,China,China,Where is the city of Laiwu?
The city of Laiwu is in the United States.,0,Laiwu,the United States,China,Where is the city of Laiwu?
The city of Hengyang is in China.,1,Hengyang,China,China,Where is the city of Hengyang?
The city of Hengyang is in Turkey.,0,Hengyang,Turkey,China,Where is the city of Hengyang?
The city of Changchun is in China.,1,Changchun,China,China,Where is the city of Changchun?
The city of Changchun is in Germany.,0,Changchun,Germany,China,Where is the city of Changchun?
The city of Varanasi is in India.,1,Varanasi,India,India,Where is the city of Varanasi?
The city of Varanasi is in Turkey.,0,Varanasi,Turkey,India,Where is the city of Varanasi?
The city of Puducherry is in India.,1,Puducherry,India,India,Where is the city of Puducherry?
The city of Puducherry is in Brazil.,0,Puducherry,Brazil,India,Where is the city of Puducherry?
The city of Bhopal is in India.,1,Bhopal,India,India,Where is the city of Bhopal?
The city of Bhopal is in Russia.,0,Bhopal,Russia,India,Where is the city of Bhopal?
The city of Kanayannur is in India.,1,Kanayannur,India,India,Where is the city of Kanayannur?
The city of Kanayannur is in Saudi Arabia.,0,Kanayannur,Saudi Arabia,India,Where is the city of Kanayannur?
The city of Kirkuk is in Iraq.,1,Kirkuk,Iraq,Iraq,Where is the city of Kirkuk?
The city of Kirkuk is in China.,0,Kirkuk,China,Iraq,Where is the city of Kirkuk?
The city of Al Mawsil al Jadidah is in Iraq.,1,Al Mawsil al Jadidah,Iraq,Iraq,Where is the city of Al Mawsil al Jadidah?
The city of Al Mawsil al Jadidah is in India.,0,Al Mawsil al Jadidah,India,Iraq,Where is the city of Al Mawsil al Jadidah?
The city of Tangerang is in Indonesia.,1,Tangerang,Indonesia,Indonesia,Where is the city of Tangerang?
The city of Tangerang is in China.,0,Tangerang,China,Indonesia,Where is the city of Tangerang?
